m, W/sr m3
9.000000000000000652e-07,5.466840000000000000e+06
9.004999999999999968e-07,5.444198800000000745e+06
9.010000000000000344e-07,5.399972675000000745e+06
9.014999999999999661e-07,5.333074012500000186e+06
9.020000000000000037e-07,5.450632450000000186e+06
9.024999999999999353e-07,5.642571187500000000e+06
9.029999999999999729e-07,5.915343424999999814e+06
9.035000000000000105e-07,6.198307700000000186e+06
9.040000000000000480e-07,6.389123500000000000e+06
9.044999999999999797e-07,6.461298937500000000e+06
9.050000000000000173e-07,6.408769375000000000e+06
9.054999999999999490e-07,6.303395787499999627e+06
9.059999999999999865e-07,6.137269950000000186e+06
9.065000000000000241e-07,5.882696387500000186e+06
9.070000000000000617e-07,5.641969875000000000e+06
9.074999999999999933e-07,5.438073437500000000e+06
9.080000000000000309e-07,5.324674400000000373e+06
9.084999999999999626e-07,5.239819812500000000e+06
9.090000000000000002e-07,5.182588625000000000e+06
9.094999999999999318e-07,5.173180349999999627e+06
9.100000000000000753e-07,5.213920000000000000e+06
9.105000000000000070e-07,5.335854500000000000e+06
9.110000000000000445e-07,5.442918900000000373e+06
9.114999999999999762e-07,5.508419137500000186e+06
9.120000000000000138e-07,5.490519099999999627e+06
9.124999999999999455e-07,5.370167500000000000e+06
9.129999999999999830e-07,5.231623424999999814e+06
9.135000000000000206e-07,5.109827787499999627e+06
9.140000000000000582e-07,5.169909549999999814e+06
9.144999999999999899e-07,5.243179687500000000e+06
9.150000000000000274e-07,5.210613125000000931e+06
9.154999999999999591e-07,5.135702687500000000e+06
9.159999999999999967e-07,5.095696799999999814e+06
9.165000000000000342e-07,5.208261387500000186e+06
9.170000000000000718e-07,5.206545850000000559e+06
9.175000000000000035e-07,5.172938250000000000e+06
9.180000000000000410e-07,5.176932200000000186e+06
9.184999999999999727e-07,5.317402187500000000e+06
9.190000000000000103e-07,5.511445650000000373e+06
9.194999999999999420e-07,5.690816325000000186e+06
9.200000000000000854e-07,5.815138500000000000e+06
9.205000000000000171e-07,5.880166700000000186e+06
9.210000000000000547e-07,5.779815399999999441e+06
9.214999999999999864e-07,5.664920462499999441e+06
9.220000000000000239e-07,5.554818700000000186e+06
9.224999999999999556e-07,5.518754125000000000e+06
9.229999999999999932e-07,5.446751150000000373e+06
9.235000000000000307e-07,5.358158850000000559e+06
9.240000000000000683e-07,5.302058400000000373e+06
9.245000000000000000e-07,5.293068712500000373e+06
9.250000000000000376e-07,5.314422500000000000e+06
9.254999999999999692e-07,5.334021950000000186e+06
9.260000000000000068e-07,5.367427500000000000e+06
9.264999999999999385e-07,5.402236775000000373e+06
9.270000000000000819e-07,5.323984450000000186e+06
9.275000000000000136e-07,5.118631375000000931e+06
9.280000000000000512e-07,4.814778099999999627e+06
9.284999999999999829e-07,4.559714137499998324e+06
9.290000000000000204e-07,4.357391225000000559e+06
9.294999999999999521e-07,4.200113987499999814e+06
9.300000000000000956e-07,3.988705750000000931e+06
9.305000000000000272e-07,3.759715000000000000e+06
9.310000000000000648e-07,3.513729999999999069e+06
9.314999999999999965e-07,3.227804987500000745e+06
9.320000000000000341e-07,2.982250000000000000e+06
9.324999999999999657e-07,2.779907499999999069e+06
9.330000000000000033e-07,2.660858700000000186e+06
9.335000000000000409e-07,2.527643750000000000e+06
9.340000000000000784e-07,2.374894999999999069e+06
9.345000000000000101e-07,2.368400674999999814e+06
9.350000000000000477e-07,2.427209375000000466e+06
9.354999999999999794e-07,2.560285937499999534e+06
9.360000000000000169e-07,2.563822899999999907e+06
9.364999999999999486e-07,2.525225699999999721e+06
9.370000000000000921e-07,2.441696600000000559e+06
9.375000000000000238e-07,2.442634375000000000e+06
9.379999999999999554e-07,2.546629650000000838e+06
9.384999999999999930e-07,2.799511487499999348e+06
9.389999999999999247e-07,3.196289000000000466e+06
9.394999999999999623e-07,3.503548437500000466e+06
9.399999999999998939e-07,3.615465000000000000e+06
9.405000000000000374e-07,3.462426662499999627e+06
9.409999999999999691e-07,3.295515274999998976e+06
9.415000000000000066e-07,3.194337412500000093e+06
9.419999999999999383e-07,3.101737849999999627e+06
9.424999999999999759e-07,2.992679875000000466e+06
9.429999999999999076e-07,2.843277050000000279e+06
9.435000000000000510e-07,2.756700299999999814e+06
9.439999999999999827e-07,2.713875100000000093e+06
9.445000000000000203e-07,2.740516862499999814e+06
9.449999999999999519e-07,2.807584625000000466e+06
9.454999999999999895e-07,2.858347750000000000e+06
9.459999999999999212e-07,2.830442999999999534e+06
9.464999999999999588e-07,2.853130937500000000e+06
9.469999999999999963e-07,2.895702424999999814e+06
9.475000000000000339e-07,2.948066812500000000e+06
9.479999999999999656e-07,2.987754400000000373e+06
9.485000000000000031e-07,3.021848637500000186e+06
9.489999999999999348e-07,3.052973674999999814e+06
9.494999999999999724e-07,2.968963499999999069e+06
9.499999999999999041e-07,2.888283750000000000e+06
9.505000000000000475e-07,3.032244487499998882e+06
9.509999999999999792e-07,3.166812200000001118e+06
9.515000000000000168e-07,3.233154924999999814e+06
9.519999999999999484e-07,2.975677400000001304e+06
9.524999999999999860e-07,2.884873687500000000e+06
9.529999999999999177e-07,2.909744200000000186e+06
9.535000000000000611e-07,3.099284899999998976e+06
9.539999999999998869e-07,3.149584799999999814e+06
9.544999999999999245e-07,3.112742037499999627e+06
9.549999999999999621e-07,3.041214625000000466e+06
9.554999999999999996e-07,3.000295262499999721e+06
9.560000000000000372e-07,2.989675000000000466e+06
9.565000000000000748e-07,3.080762187500000000e+06
9.569999999999999006e-07,3.238500000000002794e+06
9.574999999999999381e-07,3.432821625000000466e+06
9.579999999999999757e-07,3.457935899999999907e+06
9.585000000000000133e-07,3.368912025000001770e+06
9.590000000000000508e-07,3.193494774999999907e+06
9.595000000000000884e-07,3.145759137500000186e+06
9.599999999999999142e-07,3.204237999999999069e+06
9.604999999999999518e-07,3.356383050000000745e+06
9.609999999999999893e-07,3.462950100000000093e+06
9.615000000000000269e-07,3.493505587500000373e+06
9.620000000000000645e-07,3.449472949999999721e+06
9.625000000000001020e-07,3.469575625000000000e+06
9.629999999999999278e-07,3.540189074999999255e+06
9.634999999999999654e-07,3.664960337500000838e+06
9.640000000000000030e-07,3.652675600000000093e+06
9.645000000000000405e-07,3.637729012500000186e+06
9.649999999999998663e-07,3.625039625000000000e+06
9.655000000000001157e-07,3.628954462499999907e+06
9.659999999999999415e-07,3.627497800000000279e+06
9.664999999999999790e-07,3.617631949999999721e+06
9.670000000000000166e-07,3.838494600000000559e+06
9.675000000000000542e-07,4.088231749999999069e+06
9.679999999999998800e-07,4.350324800000002608e+06
9.685000000000001293e-07,4.432311275000000373e+06
9.689999999999999551e-07,4.468080375000000000e+06
9.694999999999999927e-07,4.463550812500000000e+06
9.700000000000000302e-07,4.479681000000000000e+06
9.705000000000000678e-07,4.506652062500000000e+06
9.709999999999998936e-07,4.547550375000000000e+06
9.714999999999999312e-07,4.519733612499999814e+06
9.719999999999999687e-07,4.462435200000000186e+06
9.725000000000000063e-07,4.371288500000000931e+06
9.730000000000000438e-07,4.249533949999999255e+06
9.735000000000000814e-07,4.126753962499999907e+06
9.739999999999999072e-07,4.016715350000001024e+06
9.744999999999999448e-07,4.006832637500000186e+06
9.749999999999999823e-07,4.013997500000000000e+06
9.755000000000000199e-07,3.999317750000000000e+06
9.760000000000000575e-07,4.009740200000000186e+06
9.765000000000000950e-07,4.060488887500000186e+06
9.769999999999999208e-07,4.205322474999998696e+06
9.774999999999999584e-07,4.279915187500000000e+06
9.779999999999999960e-07,4.302624349999999627e+06
9.785000000000000335e-07,4.233702262500000186e+06
9.790000000000000711e-07,4.186530299999999814e+06
9.795000000000001087e-07,4.169474437500000000e+06
9.799999999999999345e-07,4.234310000000000000e+06
9.804999999999999720e-07,4.336234675000000745e+06
9.810000000000000096e-07,4.440702650000000373e+06
9.815000000000000472e-07,4.485627974999999627e+06
9.820000000000000847e-07,4.481950399999999441e+06
9.825000000000001223e-07,4.462114875000000000e+06
9.829999999999999481e-07,4.481251450000000186e+06
9.834999999999999857e-07,4.518275474999999627e+06
9.840000000000000232e-07,4.557575299999999814e+06
9.845000000000000608e-07,4.549752712500000373e+06
9.849999999999998866e-07,4.566940000000000000e+06
9.855000000000001359e-07,4.603874425000000745e+06
9.859999999999999617e-07,4.677974099999999627e+06
9.864999999999999993e-07,4.704507924999999814e+06
9.870000000000000369e-07,4.697737299999999814e+06
9.875000000000000744e-07,4.675281250000000000e+06
9.879999999999999002e-07,4.684543799999999814e+06
9.885000000000001496e-07,4.715492037499999627e+06
9.889999999999999754e-07,4.719532275000000373e+06
9.895000000000000129e-07,4.703697212500000373e+06
9.900000000000000505e-07,4.672868250000000000e+06
9.905000000000000881e-07,4.674144462500000373e+06
9.909999999999999139e-07,4.682933625000000000e+06
9.914999999999999514e-07,4.698075912499999627e+06
9.919999999999999890e-07,4.681141299999999814e+06
9.925000000000000266e-07,4.659463187500000000e+06
9.930000000000000641e-07,4.633059474999999627e+06
9.935000000000001017e-07,4.644965512500000186e+06
9.939999999999999275e-07,4.660870549999999814e+06
9.944999999999999651e-07,4.680688212500000373e+06
9.950000000000000026e-07,4.673291000000000000e+06
9.955000000000000402e-07,4.659636837500000373e+06
9.960000000000000777e-07,4.639620799999999814e+06
9.965000000000001153e-07,4.629178224999999627e+06
9.969999999999999411e-07,4.620956650000000373e+06
9.974999999999999787e-07,4.614886375000000000e+06
9.980000000000000162e-07,4.586600500000000931e+06
9.985000000000000538e-07,4.552497662499999627e+06
9.990000000000000914e-07,4.512829274999999441e+06
9.995000000000001289e-07,4.506543012500000186e+06
9.999999999999999547e-07,4.514375000000000000e+06
1.000499999999999992e-06,4.538669325000000186e+06
1.000999999999999818e-06,4.529529650000000373e+06
1.001500000000000067e-06,4.507869562499999069e+06
1.002000000000000105e-06,4.472790249999999069e+06
1.002499999999999931e-06,4.470507437500000000e+06
1.002999999999999968e-06,4.473695500000000000e+06
1.003500000000000006e-06,4.475414750000000000e+06
1.004000000000000044e-06,4.418473800000000745e+06
1.004499999999999869e-06,4.346095387500001118e+06
1.004999999999999907e-06,4.268537374999999069e+06
1.005500000000000156e-06,4.272967187500000000e+06
1.005999999999999982e-06,4.310615100000000559e+06
1.006500000000000020e-06,4.378366774999999441e+06
1.006999999999999845e-06,4.406132524999999441e+06
1.007500000000000095e-06,4.413849687500000000e+06
1.007999999999999921e-06,4.398409500000000000e+06
1.008499999999999958e-06,4.377526262500000186e+06
1.008999999999999996e-06,4.356023650000000373e+06
1.009500000000000033e-06,4.338738575000000186e+06
1.010000000000000071e-06,4.339256500000000000e+06
1.010499999999999897e-06,4.346662424999999814e+06
1.010999999999999934e-06,4.353711350000000559e+06
1.011499999999999972e-06,4.344121412499999627e+06
1.012000000000000009e-06,4.327915200000000186e+06
1.012500000000000047e-06,4.314994375000000000e+06
1.012999999999999873e-06,4.313410400000000373e+06
1.013500000000000122e-06,4.316390187500000000e+06
1.013999999999999948e-06,4.313778250000000000e+06
1.014499999999999985e-06,4.304252537499999627e+06
1.014999999999999811e-06,4.291713125000000000e+06
1.015500000000000060e-06,4.284406312500000000e+06
1.016000000000000098e-06,4.278780500000000000e+06
1.016499999999999924e-06,4.273557812500000000e+06
1.016999999999999961e-06,4.263143125000000000e+06
1.017499999999999999e-06,4.254449125000000000e+06
1.018000000000000037e-06,4.246364750000000000e+06
1.018499999999999862e-06,4.232114812500000000e+06
1.018999999999999900e-06,4.215452650000000373e+06
1.019500000000000149e-06,4.198021250000000000e+06
1.019999999999999975e-06,4.197360000000000000e+06
1.020500000000000013e-06,4.194195287500000093e+06
1.020999999999999838e-06,4.188501799999999814e+06
1.021500000000000088e-06,4.170039699999999721e+06
1.022000000000000125e-06,4.155386399999999907e+06
1.022499999999999951e-06,4.144188812500000000e+06
1.022999999999999989e-06,4.129251175000000279e+06
1.023500000000000026e-06,4.115865237499999814e+06
1.024000000000000064e-06,4.104048699999999721e+06
1.024499999999999890e-06,4.110369475000000093e+06
1.024999999999999927e-06,4.113668750000000000e+06
1.025500000000000176e-06,4.113285225000000093e+06
1.026000000000000002e-06,4.102709950000000186e+06
1.026500000000000040e-06,4.091295649999999907e+06
1.026999999999999866e-06,4.079366699999999721e+06
1.027500000000000115e-06,4.065989875000000000e+06
1.027999999999999941e-06,4.049282399999999907e+06
1.028499999999999978e-06,4.028175300000000279e+06
1.029000000000000016e-06,4.010616925000000279e+06
1.029500000000000053e-06,4.004023162499999627e+06
1.030000000000000091e-06,4.013432749999999534e+06
1.030499999999999917e-06,4.020045924999999814e+06
1.030999999999999954e-06,4.020532125000000000e+06
1.031499999999999992e-06,4.011373812500000000e+06
1.032000000000000030e-06,4.004615200000000186e+06
1.032500000000000067e-06,3.997921625000000000e+06
1.032999999999999893e-06,3.990634649999999907e+06
1.033500000000000142e-06,3.982146037500000093e+06
1.033999999999999968e-06,3.973869200000000186e+06
1.034500000000000006e-06,3.966516100000000093e+06
1.034999999999999831e-06,3.958249250000000466e+06
1.035500000000000081e-06,3.948728587500000373e+06
1.036000000000000118e-06,3.936779799999999814e+06
1.036499999999999944e-06,3.910517487499999814e+06
1.036999999999999982e-06,3.881753974999999627e+06
1.037500000000000019e-06,3.856514062500000000e+06
1.038000000000000057e-06,3.860054100000000093e+06
1.038499999999999883e-06,3.871916949999999721e+06
1.038999999999999920e-06,3.882047300000000279e+06
1.039500000000000169e-06,3.878297149999999907e+06
1.039999999999999995e-06,3.869607500000000000e+06
1.040500000000000033e-06,3.860779812499999534e+06
1.040999999999999859e-06,3.851895424999999814e+06
1.041500000000000108e-06,3.843126149999999907e+06
1.041999999999999934e-06,3.834900200000000186e+06
1.042499999999999971e-06,3.826783750000000000e+06
1.043000000000000009e-06,3.818646000000000000e+06
1.043500000000000046e-06,3.810182000000000000e+06
1.044000000000000084e-06,3.801229600000000093e+06
1.044499999999999910e-06,3.789592500000000466e+06
1.044999999999999947e-06,3.764465000000000466e+06
1.045500000000000197e-06,3.736790762499999255e+06
1.046000000000000023e-06,3.711715600000000093e+06
1.046500000000000060e-06,3.713937400000000373e+06
1.046999999999999886e-06,3.721697125000000466e+06
1.047500000000000135e-06,3.731202375000000000e+06
1.047999999999999961e-06,3.726031399999999907e+06
1.048499999999999999e-06,3.716928362499999814e+06
1.049000000000000036e-06,3.705138599999999627e+06
1.049500000000000074e-06,3.693659299999999814e+06
1.050000000000000111e-06,3.683837500000000000e+06
1.050499999999999937e-06,3.675262799999999814e+06
1.050999999999999975e-06,3.666375600000000093e+06
1.051500000000000012e-06,3.656383449999999721e+06
1.052000000000000050e-06,3.645465599999999627e+06
1.052500000000000087e-06,3.634740125000000000e+06
1.052999999999999913e-06,3.623778325000000186e+06
1.053500000000000162e-06,3.612592350000000093e+06
1.053999999999999988e-06,3.600663400000000373e+06
1.054500000000000026e-06,3.589070487500000279e+06
1.054999999999999852e-06,3.577822625000000000e+06
1.055500000000000101e-06,3.566166049999999814e+06
1.056000000000000139e-06,3.553748299999999814e+06
1.056499999999999964e-06,3.540477012500000186e+06
1.057000000000000002e-06,3.526579550000000279e+06
1.057500000000000039e-06,3.504405125000000466e+06
1.058000000000000077e-06,3.471911299999999348e+06
1.058499999999999903e-06,3.437038750000000000e+06
1.058999999999999940e-06,3.415404075000000186e+06
1.059500000000000190e-06,3.412316037500000093e+06
1.060000000000000016e-06,3.404656000000000000e+06
1.060500000000000053e-06,3.394687425000000279e+06
1.060999999999999879e-06,3.381898849999999627e+06
1.061500000000000128e-06,3.386611100000000093e+06
1.061999999999999954e-06,3.390518149999999907e+06
1.062499999999999992e-06,3.389109687500000000e+06
1.063000000000000029e-06,3.379512200000000186e+06
1.063499999999999855e-06,3.368447525000000373e+06
1.064000000000000104e-06,3.357166599999999627e+06
1.064499999999999930e-06,3.344110649999999907e+06
1.064999999999999968e-06,3.328008125000000000e+06
1.065499999999999793e-06,3.306219937500000000e+06
1.066000000000000043e-06,3.283500850000000093e+06
1.066500000000000080e-06,3.267499524999999907e+06
1.066999999999999906e-06,3.267935950000000186e+06
1.067499999999999944e-06,3.259444687500000000e+06
1.067999999999999981e-06,3.235879399999999441e+06
1.068500000000000019e-06,3.178568862499999814e+06
1.068999999999999845e-06,3.140494024999999907e+06
1.069499999999999882e-06,3.126204062499999534e+06
1.070000000000000132e-06,3.165713749999999534e+06
1.070499999999999957e-06,3.209390600000001024e+06
1.070999999999999995e-06,3.247391325000000186e+06
1.071499999999999821e-06,3.260398112500000279e+06
1.072000000000000070e-06,3.251169200000000186e+06
1.072500000000000108e-06,3.233226937500000000e+06
1.072999999999999933e-06,3.216636175000000745e+06
1.073499999999999971e-06,3.217900475000000559e+06
1.074000000000000009e-06,3.223220949999999721e+06
1.074500000000000046e-06,3.209023912500000093e+06
1.074999999999999872e-06,3.197788750000000000e+06
1.075499999999999910e-06,3.193609237499999814e+06
1.076000000000000159e-06,3.220991599999999627e+06
1.076499999999999985e-06,3.224320587499999907e+06
1.077000000000000022e-06,3.210838624999999534e+06
1.077499999999999848e-06,3.175560937499999534e+06
1.078000000000000097e-06,3.158690500000000000e+06
1.078499999999999923e-06,3.153825700000000186e+06
1.078999999999999961e-06,3.152185799999999814e+06
1.079499999999999998e-06,3.147793550000000279e+06
1.080000000000000036e-06,3.140148000000000000e+06
1.080500000000000073e-06,3.116316549999999814e+06
1.080999999999999899e-06,3.098191799999999814e+06
1.081499999999999937e-06,3.086163687500000000e+06
1.081999999999999974e-06,3.105240750000000000e+06
1.082500000000000012e-06,3.099305500000000466e+06
1.083000000000000049e-06,3.071498574999999721e+06
1.083499999999999875e-06,3.026857587499999441e+06
1.084000000000000125e-06,3.011517800000000279e+06
1.084499999999999950e-06,3.023844187500000000e+06
1.084999999999999988e-06,3.026059375000000000e+06
1.085499999999999814e-06,3.006253087500000838e+06
1.086000000000000063e-06,2.963490049999998882e+06
1.086500000000000101e-06,2.937115912499999627e+06
1.086999999999999926e-06,2.934178525000000373e+06
1.087499999999999964e-06,2.957765312500000000e+06
1.088000000000000002e-06,2.989214500000000000e+06
1.088500000000000039e-06,3.001394312500000000e+06
1.088999999999999865e-06,2.988599124999999534e+06
1.089499999999999903e-06,2.944668399999999441e+06
1.090000000000000152e-06,2.912831500000000000e+06
1.090499999999999978e-06,2.901365424999999814e+06
1.091000000000000015e-06,2.939420149999999907e+06
1.091499999999999841e-06,2.952163875000000466e+06
1.092000000000000090e-06,2.917315999999998603e+06
1.092500000000000128e-06,2.827342374999998137e+06
1.092999999999999954e-06,2.750491049999999348e+06
1.093499999999999991e-06,2.709400974999999627e+06
1.094000000000000029e-06,2.675509000000000000e+06
1.094500000000000066e-06,2.646757375000000000e+06
1.094999999999999892e-06,2.625531250000000466e+06
1.095499999999999930e-06,2.633674224999999627e+06
1.096000000000000179e-06,2.659018599999998696e+06
1.096500000000000005e-06,2.708387524999998044e+06
1.097000000000000042e-06,2.722781850000000093e+06
1.097499999999999868e-06,2.704842124999997206e+06
1.098000000000000118e-06,2.629287699999997858e+06
1.098499999999999943e-06,2.572803549999998882e+06
1.098999999999999981e-06,2.528456199999999721e+06
1.099500000000000019e-06,2.502588099999999627e+06
1.100000000000000056e-06,2.488140000000000000e+06
1.100500000000000094e-06,2.479948399999999907e+06
1.100999999999999919e-06,2.479736799999999814e+06
1.101499999999999957e-06,2.450529225000001024e+06
1.101999999999999995e-06,2.410010950000001118e+06
1.102500000000000032e-06,2.367102437500001397e+06
1.103000000000000070e-06,2.362033375000000466e+06
1.103499999999999896e-06,2.372681200000000186e+06
1.104000000000000145e-06,2.383472800000000279e+06
1.104499999999999971e-06,2.367807612499999348e+06
1.105000000000000008e-06,2.331145124999998603e+06
1.105499999999999834e-06,2.252119137499999255e+06
1.106000000000000083e-06,2.205257049999999814e+06
1.106500000000000121e-06,2.189302474999999627e+06
1.106999999999999947e-06,2.256578049999999348e+06
1.107499999999999984e-06,2.253679500000000931e+06
1.108000000000000022e-06,2.205719600000001956e+06
1.108500000000000059e-06,2.125622387500002515e+06
1.108999999999999885e-06,2.125727324999997858e+06
1.109499999999999923e-06,2.172172850000000093e+06
1.110000000000000172e-06,2.169713000000000000e+06
1.110499999999999998e-06,2.106310624999997206e+06
1.111000000000000035e-06,2.006174449999999721e+06
1.111499999999999861e-06,1.992036924999999814e+06
1.112000000000000111e-06,1.963968899999999674e+06
1.112500000000000148e-06,1.917970000000000000e+06
1.112999999999999974e-06,1.731550400000001304e+06
1.113500000000000012e-06,1.622435787500000559e+06
1.114000000000000049e-06,1.582279099999999162e+06
1.114500000000000087e-06,1.617946924999999115e+06
1.114999999999999912e-06,1.566347375000004657e+06
1.115499999999999950e-06,1.431035787499993807e+06
1.116000000000000199e-06,1.247339599999992875e+06
1.116500000000000025e-06,1.120368049999997951e+06
1.117000000000000063e-06,1.053528899999998510e+06
1.117499999999999889e-06,1.137893750000001630e+06
1.118000000000000138e-06,1.189049200000000186e+06
1.118499999999999964e-06,1.196613900000000140e+06
1.119000000000000001e-06,1.100521875000000466e+06
1.119500000000000039e-06,1.045958474999999977e+06
1.120000000000000076e-06,1.052161000000000000e+06
1.120500000000000114e-06,1.096236574999998789e+06
1.120999999999999940e-06,1.095194000000002095e+06
1.121499999999999977e-06,1.025366000000002561e+06
1.122000000000000015e-06,9.090060249999949010e+05
1.122500000000000052e-06,8.326959124999998603e+05
1.123000000000000090e-06,8.278727549999998882e+05
1.123499999999999916e-06,9.075054275000018533e+05
1.124000000000000165e-06,9.788326000000004424e+05
1.124499999999999991e-06,1.014450831250000279e+06
1.125000000000000029e-06,9.343600000000000000e+05
1.125499999999999854e-06,8.534388312500001630e+05
1.125999999999999892e-06,8.106129750000005588e+05
1.126500000000000141e-06,8.616929562499985332e+05
1.126999999999999967e-06,9.105724874999999302e+05
1.127500000000000005e-06,9.114089687500000000e+05
1.127999999999999830e-06,8.927981599999989849e+05
1.128500000000000080e-06,8.695400774999990826e+05
1.128999999999999906e-06,8.466965349999993341e+05
1.129499999999999943e-06,8.516427575000002980e+05
1.129999999999999981e-06,9.075190250000030501e+05
1.130500000000000018e-06,1.082739033750001807e+06
1.131000000000000056e-06,1.260136600000000559e+06
1.131499999999999882e-06,1.390590974999999860e+06
1.131999999999999919e-06,1.370184800000000279e+06
1.132499999999999957e-06,1.238638750000003027e+06
1.132999999999999994e-06,1.059832050000004703e+06
1.133500000000000032e-06,8.603064750000061467e+05
1.133999999999999858e-06,7.022235600000052946e+05
1.134500000000000107e-06,5.888364637500001118e+05
1.134999999999999933e-06,5.907349125000000931e+05
1.135499999999999970e-06,7.041804950000045355e+05
1.135999999999999796e-06,8.776910100000043167e+05
1.136500000000000045e-06,1.087499683750002878e+06
1.137000000000000083e-06,1.232086925000000745e+06
1.137499999999999909e-06,1.325500312500000000e+06
1.137999999999999946e-06,1.317955449999999953e+06
1.138499999999999984e-06,1.336438699999999488e+06
1.139000000000000022e-06,1.372981424999998882e+06
1.139500000000000059e-06,1.430159712499998510e+06
1.139999999999999885e-06,1.399562000000003027e+06
1.140500000000000134e-06,1.310041862499995390e+06
1.140999999999999960e-06,1.204909724999995902e+06
1.141499999999999998e-06,1.181946137500001118e+06
1.141999999999999823e-06,1.222683950000002282e+06
1.142500000000000073e-06,1.322076437500001630e+06
1.143000000000000110e-06,1.344628349999999627e+06
1.143499999999999936e-06,1.299507524999999441e+06
1.143999999999999974e-06,1.116830600000000559e+06
1.144500000000000011e-06,9.831505912500009872e+05
1.145000000000000049e-06,8.945379624999999069e+05
1.145499999999999875e-06,9.006194787499998929e+05
1.145999999999999912e-06,8.819934050000013085e+05
1.146500000000000161e-06,8.393050887500016252e+05
1.146999999999999987e-06,8.499110925000004936e+05
1.147500000000000025e-06,9.337507375000056345e+05
1.147999999999999851e-06,1.095954040000004461e+06
1.148500000000000100e-06,1.192276600000001956e+06
1.148999999999999926e-06,1.206493824999998789e+06
1.149499999999999963e-06,1.125775037499999395e+06
1.150000000000000001e-06,1.072725000000000000e+06
1.150500000000000038e-06,1.074152987499999581e+06
1.151000000000000076e-06,1.144847224999998929e+06
1.151499999999999902e-06,1.174420399999999441e+06
1.151999999999999939e-06,1.182335600000000559e+06
1.152499999999999977e-06,1.164005750000000698e+06
1.153000000000000015e-06,1.172930900000000605e+06
1.153500000000000052e-06,1.173267387499999255e+06
1.153999999999999878e-06,1.154732549999999348e+06
1.154500000000000127e-06,1.182412962500000838e+06
1.154999999999999953e-06,1.230922875000001164e+06
1.155499999999999991e-06,1.304434037500000792e+06
1.155999999999999816e-06,1.366851600000000093e+06
1.156500000000000066e-06,1.420964412499999860e+06
1.157000000000000103e-06,1.462550424999999581e+06
1.157499999999999929e-06,1.474502062500000000e+06
1.157999999999999967e-06,1.485515249999999534e+06
1.158500000000000004e-06,1.508692062499999302e+06
1.159000000000000042e-06,1.516064975000000093e+06
1.159500000000000079e-06,1.513050987499999348e+06
1.159999999999999905e-06,1.494066499999999302e+06
1.160500000000000154e-06,1.513175250000000931e+06
1.160999999999999980e-06,1.549758475000001024e+06
1.161500000000000018e-06,1.604185962500000605e+06
1.161999999999999844e-06,1.667365050000000279e+06
1.162500000000000093e-06,1.734086562500000000e+06
1.163000000000000131e-06,1.802757374999999302e+06
1.163499999999999956e-06,1.831916949999999721e+06
1.163999999999999994e-06,1.836828000000000698e+06
1.164500000000000031e-06,1.807534625000000698e+06
1.165000000000000069e-06,1.754945125000002095e+06
1.165499999999999895e-06,1.697256224999998230e+06
1.165999999999999932e-06,1.660900699999998324e+06
1.166500000000000182e-06,1.678023775000001304e+06
1.167000000000000008e-06,1.722208900000001304e+06
1.167500000000000045e-06,1.773072250000001164e+06
1.167999999999999871e-06,1.805544500000000466e+06
1.168500000000000120e-06,1.830084412500000093e+06
1.168999999999999946e-06,1.866856524999999907e+06
1.169499999999999984e-06,1.892279474999999860e+06
1.170000000000000021e-06,1.907304500000000233e+06
1.170500000000000059e-06,1.894119175000000279e+06
1.171000000000000096e-06,1.898956499999999534e+06
1.171499999999999922e-06,1.915093074999999721e+06
1.171999999999999960e-06,1.924469600000000559e+06
1.172499999999999997e-06,1.905237124999998836e+06
1.173000000000000035e-06,1.862412849999997765e+06
1.173500000000000072e-06,1.782018074999998324e+06
1.173999999999999898e-06,1.727936149999999441e+06
1.174500000000000147e-06,1.698873550000000512e+06
1.174999999999999973e-06,1.758412500000000000e+06
1.175500000000000011e-06,1.828581349999999395e+06
1.175999999999999837e-06,1.907306999999999767e+06
1.176500000000000086e-06,1.922978624999999767e+06
1.177000000000000124e-06,1.884070375000002561e+06
1.177499999999999949e-06,1.791197812500003260e+06
1.177999999999999987e-06,1.759718399999998510e+06
1.178500000000000024e-06,1.772432512500002282e+06
1.179000000000000062e-06,1.832718675000001909e+06
1.179499999999999888e-06,1.853159612500000512e+06
1.179999999999999925e-06,1.868633000000000233e+06
1.180500000000000175e-06,1.879814737500000047e+06
1.181000000000000001e-06,1.809038124999999767e+06
1.181500000000000038e-06,1.714934425000000512e+06
1.181999999999999864e-06,1.596583900000001304e+06
1.182500000000000113e-06,1.629353312499999302e+06
1.183000000000000151e-06,1.692826849999997765e+06
1.183499999999999977e-06,1.781315324999997159e+06
1.184000000000000014e-06,1.756647700000001583e+06
1.184500000000000052e-06,1.723840024999999208e+06
1.185000000000000089e-06,1.700048249999999302e+06
1.185499999999999915e-06,1.765646725000002189e+06
1.185999999999999953e-06,1.827891900000000605e+06
1.186500000000000202e-06,1.859327725000000326e+06
1.187000000000000028e-06,1.788969624999999302e+06
1.187500000000000065e-06,1.698543437500000000e+06
1.187999999999999891e-06,1.605842800000000745e+06
1.188499999999999929e-06,1.614978349999999627e+06
1.188999999999999966e-06,1.665787649999998044e+06
1.189500000000000004e-06,1.759857074999997625e+06
1.190000000000000041e-06,1.799315999999999302e+06
1.190499999999999867e-06,1.813978499999999534e+06
1.191000000000000117e-06,1.801546999999999534e+06
1.191499999999999942e-06,1.819620150000000838e+06
1.191999999999999980e-06,1.845312300000000512e+06
1.192499999999999806e-06,1.866597937500000466e+06
1.193000000000000055e-06,1.858555199999999721e+06
1.193500000000000093e-06,1.842831149999999907e+06
1.193999999999999918e-06,1.834922599999999860e+06
1.194499999999999956e-06,1.816903262499999953e+06
1.194999999999999994e-06,1.792436000000000466e+06
1.195500000000000031e-06,1.758368400000000838e+06
1.195999999999999857e-06,1.763580199999999255e+06
1.196499999999999895e-06,1.786869137499999022e+06
1.197000000000000144e-06,1.814132475000001024e+06
1.197499999999999970e-06,1.799523562499998836e+06
1.198000000000000007e-06,1.758102899999998044e+06
1.198499999999999833e-06,1.683368424999998417e+06
1.199000000000000082e-06,1.639063399999999674e+06
1.199499999999999908e-06,1.622262362500000279e+06
1.199999999999999946e-06,1.675552500000000000e+06
1.200499999999999983e-06,1.708021049999999814e+06
1.201000000000000021e-06,1.724526100000000093e+06
1.201500000000000058e-06,1.714184150000000140e+06
1.201999999999999884e-06,1.722185999999999302e+06
1.202499999999999922e-06,1.735596625000002095e+06
1.203000000000000171e-06,1.674192949999997392e+06
1.203499999999999997e-06,1.601669174999997020e+06
1.204000000000000034e-06,1.529094400000001770e+06
1.204499999999999860e-06,1.584546825000001350e+06
1.205000000000000110e-06,1.658225750000001630e+06
1.205499999999999935e-06,1.744676700000000186e+06
1.205999999999999973e-06,1.770756400000000140e+06
1.206500000000000011e-06,1.768294712500000140e+06
1.207000000000000048e-06,1.739777575000000419e+06
1.207500000000000086e-06,1.703415437500000698e+06
1.207999999999999911e-06,1.679283100000000326e+06
1.208499999999999949e-06,1.667426887500000419e+06
1.208999999999999987e-06,1.672568299999999814e+06
1.209500000000000024e-06,1.689615425000001211e+06
1.210000000000000062e-06,1.719596500000000931e+06
1.210499999999999888e-06,1.722956875000000000e+06
1.211000000000000137e-06,1.705017449999999022e+06
1.211499999999999963e-06,1.662313924999999115e+06
1.212000000000000000e-06,1.656438399999999907e+06
1.212499999999999826e-06,1.672995937500000000e+06
1.213000000000000075e-06,1.716552474999999627e+06
1.213500000000000113e-06,1.723745149999999907e+06
1.213999999999999939e-06,1.710549050000000745e+06
1.214499999999999976e-06,1.672044462500001071e+06
1.215000000000000014e-06,1.675857499999999767e+06
1.215500000000000051e-06,1.695179012500001583e+06
1.215999999999999877e-06,1.731408900000001304e+06
1.216499999999999915e-06,1.743600587500000373e+06
1.217000000000000164e-06,1.751753975000000093e+06
1.217499999999999990e-06,1.759444312500000233e+06
1.218000000000000027e-06,1.753326250000000000e+06
1.218499999999999853e-06,1.741033324999999953e+06
1.219000000000000103e-06,1.721473550000000047e+06
1.219499999999999928e-06,1.718124762499999953e+06
1.219999999999999966e-06,1.721297999999999767e+06
1.220500000000000004e-06,1.731011762499999721e+06
1.221000000000000041e-06,1.730265075000000186e+06
1.221500000000000079e-06,1.722898400000000605e+06
1.221999999999999904e-06,1.705547199999999255e+06
1.222499999999999942e-06,1.698320999999999767e+06
1.223000000000000191e-06,1.696494575000000186e+06
1.223500000000000017e-06,1.701447337500000140e+06
1.224000000000000055e-06,1.708325800000000047e+06
1.224499999999999881e-06,1.716684950000000186e+06
1.225000000000000130e-06,1.727767500000000000e+06
1.225499999999999956e-06,1.732781312500000000e+06
1.225999999999999993e-06,1.730398250000000466e+06
1.226499999999999819e-06,1.708543937500000466e+06
1.227000000000000068e-06,1.686675900000000605e+06
1.227500000000000106e-06,1.672702187499999302e+06
1.227999999999999932e-06,1.694821000000000931e+06
1.228499999999999969e-06,1.717495787500000792e+06
1.229000000000000007e-06,1.736235024999999907e+06
1.229500000000000044e-06,1.732009637499999953e+06
1.230000000000000082e-06,1.732956500000000000e+06
1.230499999999999908e-06,1.737449550000000047e+06
1.231000000000000157e-06,1.746416100000000093e+06
1.231499999999999983e-06,1.747808512499999953e+06
1.232000000000000020e-06,1.743434300000000047e+06
1.232499999999999846e-06,1.729872062500000000e+06
1.233000000000000096e-06,1.720474250000000000e+06
1.233500000000000133e-06,1.715238837499999674e+06
1.233999999999999959e-06,1.724820349999999627e+06
1.234499999999999997e-06,1.732362587500000140e+06
1.235000000000000034e-06,1.737815625000000000e+06
1.235500000000000072e-06,1.734211812500000000e+06
1.235999999999999897e-06,1.729117600000000093e+06
1.236499999999999935e-06,1.722808299999999814e+06
1.237000000000000184e-06,1.717465399999999907e+06
1.237500000000000010e-06,1.714865625000000000e+06
1.238000000000000048e-06,1.714793250000000000e+06
1.238499999999999874e-06,1.713900562500000000e+06
1.239000000000000123e-06,1.709539650000000140e+06
1.239499999999999949e-06,1.701644325000000186e+06
1.239999999999999986e-06,1.691292000000000466e+06
1.240500000000000024e-06,1.684772212499999907e+06
1.241000000000000061e-06,1.682609924999999814e+06
1.241500000000000099e-06,1.685099362500000279e+06
1.241999999999999925e-06,1.686241900000000140e+06
1.242499999999999962e-06,1.685461625000000000e+06
1.243000000000000000e-06,1.680754050000000047e+06
1.243500000000000037e-06,1.675207937500000000e+06
1.244000000000000075e-06,1.668893000000000000e+06
1.244499999999999901e-06,1.664971037500000093e+06
1.245000000000000150e-06,1.661668500000000000e+06
1.245499999999999976e-06,1.658944150000000140e+06
1.246000000000000013e-06,1.654763150000000140e+06
1.246499999999999839e-06,1.650042612500000279e+06
1.247000000000000089e-06,1.644732774999999674e+06
1.247500000000000126e-06,1.638734749999999767e+06
1.247999999999999952e-06,1.632452299999999814e+06
1.248499999999999990e-06,1.625846412499999860e+06
1.249000000000000027e-06,1.620212924999999814e+06
1.249500000000000065e-06,1.614837099999999860e+06
1.250000000000000102e-06,1.609600000000000000e+06
1.250499999999999928e-06,1.602620087500000140e+06
1.250999999999999966e-06,1.594801400000000140e+06
1.251500000000000003e-06,1.585967100000000093e+06
1.252000000000000041e-06,1.576529600000000326e+06
1.252499999999999867e-06,1.567633312500000233e+06
1.252999999999999904e-06,1.560604224999999627e+06
1.253500000000000153e-06,1.554159487499999814e+06
1.253999999999999979e-06,1.547290249999999767e+06
1.254500000000000017e-06,1.538594812499999767e+06
1.254999999999999843e-06,1.528963374999999767e+06
1.255500000000000092e-06,1.519077174999999814e+06
1.255999999999999918e-06,1.509462599999999860e+06
1.256499999999999955e-06,1.499730212499999907e+06
1.256999999999999993e-06,1.489709174999999814e+06
1.257500000000000030e-06,1.478725812500000233e+06
1.258000000000000068e-06,1.467938100000000326e+06
1.258499999999999894e-06,1.455935912500000559e+06
1.258999999999999931e-06,1.437824275000000605e+06
1.259499999999999969e-06,1.416544862499999115e+06
1.260000000000000007e-06,1.393502999999999069e+06
1.260500000000000044e-06,1.369585587499999441e+06
1.260999999999999870e-06,1.345486499999999534e+06
1.261500000000000119e-06,1.321825774999999674e+06
1.261999999999999945e-06,1.301895699999999953e+06
1.262499999999999983e-06,1.284370625000000000e+06
1.262999999999999808e-06,1.267854300000000047e+06
1.263500000000000058e-06,1.246932350000000326e+06
1.264000000000000095e-06,1.226583700000000419e+06
1.264499999999999921e-06,1.207866862500000047e+06
1.264999999999999959e-06,1.203826625000000233e+06
1.265499999999999996e-06,1.201946662500000093e+06
1.266000000000000034e-06,1.202074250000000233e+06
1.266499999999999860e-06,1.208389187500000233e+06
1.266999999999999897e-06,1.212573425000000047e+06
1.267500000000000146e-06,1.212430124999998603e+06
1.267999999999999972e-06,1.126031199999999022e+06
1.268500000000000010e-06,1.026642252499999595e+06
1.268999999999999836e-06,9.156679049999997951e+05
1.269500000000000085e-06,9.616657774999995017e+05
1.270000000000000123e-06,1.046167049999997835e+06
1.270499999999999948e-06,1.170504532499996945e+06
1.270999999999999986e-06,1.229551999999998137e+06
1.271500000000000023e-06,1.266341499999999534e+06
1.272000000000000061e-06,1.279302000000000466e+06
1.272499999999999887e-06,1.286259312500000000e+06
1.272999999999999924e-06,1.293811750000000233e+06
1.273500000000000174e-06,1.302474125000000466e+06
1.274000000000000000e-06,1.308461250000000233e+06
1.274500000000000037e-06,1.316327350000000093e+06
1.274999999999999863e-06,1.327092500000000233e+06
1.275500000000000112e-06,1.338312699999999953e+06
1.275999999999999938e-06,1.344611800000000047e+06
1.276499999999999976e-06,1.343243012499999953e+06
1.277000000000000013e-06,1.350093299999999814e+06
1.277500000000000051e-06,1.359919437499999767e+06
1.278000000000000088e-06,1.372939450000000652e+06
1.278499999999999914e-06,1.374798675000000047e+06
1.278999999999999952e-06,1.375069824999999953e+06
1.279499999999999989e-06,1.375883162499999860e+06
1.280000000000000027e-06,1.376152000000000000e+06
1.280500000000000064e-06,1.373367987500000047e+06
1.280999999999999890e-06,1.364315475000000093e+06
1.281500000000000139e-06,1.339864275000000140e+06
1.281999999999999965e-06,1.315626900000000140e+06
1.282500000000000003e-06,1.300695875000000466e+06
1.282999999999999829e-06,1.326388599999999162e+06
1.283500000000000078e-06,1.362055462499998976e+06
1.284000000000000116e-06,1.394185600000001490e+06
1.284499999999999941e-06,1.406130400000000140e+06
1.284999999999999979e-06,1.412896250000000466e+06
1.285500000000000016e-06,1.423542375000000233e+06
1.286000000000000054e-06,1.428489750000000000e+06
1.286499999999999880e-06,1.429002787499999860e+06
1.286999999999999917e-06,1.421193425000000047e+06
1.287500000000000167e-06,1.409357500000000000e+06
1.287999999999999993e-06,1.394933300000000047e+06
1.288500000000000030e-06,1.376689412500000326e+06
1.288999999999999856e-06,1.371654000000000000e+06
1.289500000000000105e-06,1.375664949999999488e+06
1.289999999999999931e-06,1.393888999999999302e+06
1.290499999999999969e-06,1.403885374999999767e+06
1.291000000000000006e-06,1.406127275000000838e+06
1.291500000000000044e-06,1.388068537500001024e+06
1.292000000000000081e-06,1.370505400000001071e+06
1.292499999999999907e-06,1.356437124999999302e+06
1.292999999999999945e-06,1.365284649999999441e+06
1.293500000000000194e-06,1.375856187500000931e+06
1.294000000000000020e-06,1.385314649999999208e+06
1.294500000000000057e-06,1.374476762499999255e+06
1.294999999999999883e-06,1.354834874999998137e+06
1.295500000000000132e-06,1.329535962499998976e+06
1.295999999999999958e-06,1.311305299999998882e+06
1.296499999999999996e-06,1.294154974999999162e+06
1.297000000000000033e-06,1.278298024999999674e+06
1.297500000000000071e-06,1.271136687499999767e+06
1.298000000000000109e-06,1.285239850000000792e+06
1.298499999999999934e-06,1.317284550000000279e+06
1.298999999999999972e-06,1.333339700000000186e+06
1.299500000000000009e-06,1.322274524999999674e+06
1.300000000000000047e-06,1.285390000000000000e+06
1.300500000000000085e-06,1.254774125000000233e+06
1.300999999999999910e-06,1.246120499999999767e+06
1.301500000000000160e-06,1.260535749999999767e+06
1.301999999999999986e-06,1.281697699999999488e+06
1.302500000000000023e-06,1.285530500000000466e+06
1.302999999999999849e-06,1.269078600000000792e+06
1.303500000000000098e-06,1.213845400000002701e+06
1.304000000000000136e-06,1.167778400000001770e+06
1.304499999999999962e-06,1.136011950000002049e+06
1.304999999999999999e-06,1.178707124999996740e+06
1.305500000000000037e-06,1.212910424999998882e+06
1.306000000000000074e-06,1.226704100000001257e+06
1.306499999999999900e-06,1.181862549999995856e+06
1.306999999999999938e-06,1.146019674999999115e+06
1.307500000000000187e-06,1.134308937499999302e+06
1.308000000000000013e-06,1.157514200000001816e+06
1.308500000000000050e-06,1.177012562500000233e+06
1.308999999999999876e-06,1.181542125000000233e+06
1.309500000000000126e-06,1.142138649999998044e+06
1.309999999999999951e-06,1.101686749999999069e+06
1.310499999999999989e-06,1.073934087499999208e+06
1.311000000000000026e-06,1.105147175000000978e+06
1.311500000000000064e-06,1.139085875000000233e+06
1.312000000000000102e-06,1.152377000000000000e+06
1.312499999999999927e-06,1.100595312500000000e+06
1.312999999999999965e-06,1.038038145000000368e+06
1.313499999999999791e-06,9.880172275000007357e+05
1.314000000000000040e-06,9.706514300000002841e+05
1.314500000000000078e-06,9.633146362500002142e+05
1.314999999999999903e-06,9.580570375000002095e+05
1.315499999999999941e-06,9.830516187499985099e+05
1.315999999999999979e-06,1.021231599999997648e+06
1.316500000000000016e-06,1.069840087499997346e+06
1.317000000000000054e-06,1.091312774999999208e+06
1.317499999999999880e-06,1.097150750000000931e+06
1.318000000000000129e-06,1.082894200000001118e+06
1.318499999999999955e-06,1.037920633749994799e+06
1.318999999999999992e-06,9.798408099999951664e+05
1.319499999999999818e-06,9.206748049999955110e+05
1.320000000000000067e-06,9.020214000000000233e+05
1.320500000000000105e-06,9.097418150000026217e+05
1.320999999999999931e-06,9.538260300000023562e+05
1.321499999999999968e-06,9.822219412500009639e+05
1.322000000000000006e-06,9.934332799999982817e+05
1.322500000000000043e-06,9.512613999999985099e+05
1.322999999999999869e-06,9.057904349999986589e+05
1.323499999999999907e-06,8.668700075000005309e+05
1.324000000000000156e-06,8.906498800000003539e+05
1.324499999999999982e-06,9.305351250000003492e+05
1.325000000000000019e-06,9.770028125000000000e+05
1.325499999999999845e-06,9.865545687499999767e+05
1.326000000000000095e-06,9.781422250000003260e+05
1.326499999999999920e-06,9.560569975000006380e+05
1.326999999999999958e-06,9.235592050000008894e+05
1.327499999999999996e-06,8.882530125000013504e+05
1.328000000000000033e-06,8.497501400000024587e+05
1.328500000000000071e-06,7.908578925000028685e+05
1.328999999999999896e-06,7.494024100000014296e+05
1.329499999999999934e-06,7.240517187499991851e+05
1.329999999999999972e-06,7.378883749999990687e+05
1.330500000000000009e-06,7.230761950000032084e+05
1.331000000000000047e-06,6.805736899999962188e+05
1.331499999999999873e-06,6.140017774999944959e+05
1.332000000000000122e-06,5.856671600000009639e+05
1.332499999999999948e-06,5.982064437500009080e+05
1.332999999999999985e-06,6.327731975000022212e+05
1.333499999999999811e-06,6.576492012500007404e+05
1.334000000000000060e-06,6.703630550000006333e+05
1.334500000000000098e-06,7.159111962500018999e+05
1.334999999999999924e-06,7.482558375000004889e+05
1.335499999999999961e-06,7.610503637500003679e+05
1.335999999999999999e-06,7.356271699999994598e+05
1.336500000000000036e-06,7.118592862499997718e+05
1.336999999999999862e-06,6.950880024999999441e+05
1.337499999999999900e-06,6.722141562500000000e+05
1.338000000000000149e-06,6.630484349999999395e+05
1.338499999999999975e-06,6.768269012499997625e+05
1.339000000000000012e-06,7.065287749999993248e+05
1.339499999999999838e-06,7.171746275000007590e+05
1.340000000000000088e-06,6.900118000000009779e+05
1.340500000000000125e-06,6.396996550000023562e+05
1.340999999999999951e-06,6.089533749999991851e+05
1.341499999999999989e-06,6.249225624999990687e+05
1.342000000000000026e-06,6.671182399999970803e+05
1.342500000000000064e-06,6.977802750000004889e+05
1.342999999999999889e-06,6.906572900000005029e+05
1.343499999999999927e-06,6.226513862499925308e+05
1.344000000000000176e-06,5.408460699999935459e+05
1.344500000000000002e-06,4.626552412499940838e+05
1.345000000000000040e-06,4.504303375000004889e+05
1.345499999999999866e-06,4.549895099999998929e+05
1.346000000000000115e-06,4.529211199999998789e+05
1.346499999999999941e-06,4.272059212499983842e+05
1.346999999999999978e-06,3.906873099999980768e+05
1.347500000000000016e-06,3.447621749999984168e+05
1.348000000000000053e-06,2.925120799999985029e+05
1.348500000000000091e-06,2.506391225000001141e+05
1.348999999999999917e-06,2.557611650000000664e+05
1.349499999999999954e-06,2.699611137500001350e+05
1.349999999999999992e-06,2.790272500000000000e+05
1.350500000000000029e-06,2.494839225000002189e+05
1.351000000000000067e-06,2.236208350000003411e+05
1.351499999999999893e-06,2.027684487500000978e+05
1.352000000000000142e-06,1.984418900000001304e+05
1.352499999999999968e-06,1.918862000000002736e+05
1.353000000000000005e-06,1.837105900000004331e+05
1.353499999999999831e-06,1.728846050000005343e+05
1.354000000000000081e-06,1.603189400000007590e+05
1.354500000000000118e-06,1.467684987500008137e+05
1.354999999999999944e-06,1.335825125000009139e+05
1.355499999999999982e-06,1.285186649999999790e+05
1.356000000000000019e-06,1.294402000000006519e+05
1.356500000000000057e-06,1.367602375000005995e+05
1.356999999999999882e-06,1.389387099999998754e+05
1.357499999999999920e-06,1.371782937499996915e+05
1.358000000000000169e-06,1.327089049999997369e+05
1.358499999999999995e-06,1.282102162499997503e+05
1.359000000000000033e-06,1.237049774999998044e+05
1.359499999999999859e-06,1.195926637499998324e+05
1.360000000000000108e-06,1.165292999999999302e+05
1.360500000000000145e-06,1.143181799999998184e+05
1.360999999999999971e-06,1.074517599999998638e+05
1.361500000000000009e-06,9.941257587499987858e+04
1.362000000000000046e-06,9.022258949999994365e+04
1.362500000000000084e-06,9.328360937500000000e+04
1.362999999999999910e-06,1.015374329999999027e+05
1.363499999999999947e-06,1.153123284999998141e+05
1.364000000000000197e-06,1.150074800000000105e+05
1.364500000000000022e-06,1.090038433750003314e+05
1.365000000000000060e-06,9.674869875000043248e+04
1.365499999999999886e-06,1.008130996249997988e+05
1.366000000000000135e-06,1.090565349999993923e+05
1.366499999999999961e-06,1.215217587499993097e+05
1.366999999999999998e-06,1.175984550000003219e+05
1.367500000000000036e-06,1.093475506250008475e+05
1.368000000000000074e-06,9.689403100000093400e+04
1.368500000000000111e-06,9.635171562500006985e+04
1.368999999999999937e-06,1.002249370000007184e+05
1.369499999999999975e-06,1.089632235000006622e+05
1.370000000000000012e-06,1.107671250000000582e+05
1.370500000000000050e-06,1.095357374999996973e+05
1.371000000000000087e-06,1.047152249999997293e+05
1.371499999999999913e-06,1.019738212499998917e+05
1.372000000000000162e-06,1.013793200000001234e+05
1.372499999999999988e-06,1.043258500000001077e+05
1.373000000000000026e-06,1.129219750000002678e+05
1.373499999999999852e-06,1.216471775000001217e+05
1.374000000000000101e-06,1.278854100000000908e+05
1.374500000000000138e-06,1.302951737500000163e+05
1.374999999999999964e-06,1.322990000000000000e+05
1.375500000000000002e-06,1.357586599999999744e+05
1.375999999999999828e-06,1.345594700000000303e+05
1.376500000000000077e-06,1.328574662499999977e+05
1.376999999999999903e-06,1.336701424999999872e+05
1.377499999999999940e-06,1.401446499999997031e+05
1.377999999999999978e-06,1.452173000000002503e+05
1.378500000000000015e-06,1.394379750000002678e+05
1.379000000000000053e-06,1.320733500000004424e+05
1.379499999999999879e-06,1.248770625000002619e+05
1.379999999999999916e-06,1.206120000000002910e+05
1.380500000000000166e-06,1.108894275000009220e+05
1.380999999999999992e-06,1.004137677499996935e+05
1.381500000000000029e-06,9.703339162499971280e+04
1.381999999999999855e-06,9.491726049999987299e+04
1.382500000000000104e-06,9.265934624999956577e+04
1.382999999999999930e-06,8.645166349999961676e+04
1.383499999999999968e-06,8.773278550000028918e+04
1.383999999999999793e-06,9.330685800000034214e+04
1.384500000000000043e-06,1.003532702500002924e+05
1.385000000000000080e-06,1.031001125000000175e+05
1.385499999999999906e-06,1.037936650000001537e+05
1.385999999999999944e-06,1.087847800000001153e+05
1.386499999999999981e-06,1.170667512500001467e+05
1.387000000000000019e-06,1.264448574999999837e+05
1.387500000000000056e-06,1.242237187500000000e+05
1.387999999999999882e-06,1.198331600000000471e+05
1.388500000000000131e-06,1.150306787499998172e+05
1.388999999999999957e-06,1.281703774999997258e+05
1.389499999999999995e-06,1.410718199999996577e+05
1.389999999999999821e-06,1.533426999999999534e+05
1.390500000000000070e-06,1.545250149999999558e+05
1.391000000000000108e-06,1.530131625000001804e+05
1.391499999999999933e-06,1.489081037500008824e+05
1.391999999999999971e-06,1.328192300000010000e+05
1.392500000000000008e-06,1.204820937500005966e+05
1.393000000000000046e-06,1.118825375000006461e+05
1.393499999999999872e-06,1.222646125000009488e+05
1.393999999999999909e-06,1.269484349999998522e+05
1.394500000000000159e-06,1.251293362499998620e+05
1.394999999999999985e-06,1.088373299999988376e+05
1.395500000000000022e-06,9.594154087499949674e+04
1.395999999999999848e-06,8.782092799999956333e+04
1.396500000000000097e-06,9.384294712500032620e+04
1.396999999999999923e-06,1.073120715000009077e+05
1.397499999999999961e-06,1.295447512500007579e+05
1.397999999999999998e-06,1.506362800000005809e+05
1.398500000000000036e-06,1.613716174999999057e+05
1.399000000000000073e-06,1.569002449999999662e+05
1.399499999999999899e-06,1.350860637499998556e+05
1.399999999999999937e-06,1.131496250000000000e+05
1.400499999999999974e-06,9.452518812500013155e+04
1.401000000000000012e-06,9.062081400000002759e+04
1.401500000000000049e-06,9.729315337499955785e+04
1.401999999999999875e-06,1.191356294999993988e+05
1.402500000000000124e-06,1.436257999999991443e+05
1.402999999999999950e-06,1.592497750000001397e+05
1.403499999999999988e-06,1.557649875000001630e+05
1.403999999999999814e-06,1.388174600000010978e+05
1.404500000000000063e-06,1.217432375000006432e+05
1.405000000000000101e-06,1.112888750000007130e+05
1.405499999999999926e-06,1.194972962499990099e+05
1.405999999999999964e-06,1.313045200000007462e+05
1.406500000000000001e-06,1.397632300000007090e+05
1.407000000000000039e-06,1.338267024999992282e+05
1.407500000000000077e-06,1.276700125000004045e+05
1.407999999999999902e-06,1.335987800000003772e+05
1.408500000000000152e-06,1.376224800000001851e+05
1.408999999999999978e-06,1.371733524999993679e+05
1.409500000000000015e-06,1.240019137499994540e+05
1.409999999999999841e-06,1.229002250000001222e+05
1.410500000000000090e-06,1.291933375000004598e+05
1.411000000000000128e-06,1.457444250000003376e+05
1.411499999999999954e-06,1.567276637500001234e+05
1.411999999999999991e-06,1.665671600000001199e+05
1.412500000000000029e-06,1.823333437500000000e+05
1.413000000000000066e-06,1.955963049999999057e+05
1.413499999999999892e-06,2.013630787500003935e+05
1.413999999999999930e-06,1.734986650000005611e+05
1.414500000000000179e-06,1.444965900000007823e+05
1.415000000000000005e-06,1.214106374999993131e+05
1.415500000000000042e-06,1.412302837499991874e+05
1.415999999999999868e-06,1.741399999999980500e+05
1.416500000000000117e-06,2.111336012499997742e+05
1.416999999999999943e-06,2.155196724999997241e+05
1.417499999999999981e-06,2.071210750000011758e+05
1.418000000000000018e-06,1.902979400000010501e+05
1.418500000000000056e-06,1.763508549999987590e+05
1.419000000000000094e-06,1.594502099999984202e+05
1.419499999999999919e-06,1.414326012499999779e+05
1.419999999999999957e-06,1.411356999999999825e+05
1.420499999999999994e-06,1.532592962500013818e+05
1.421000000000000032e-06,1.760142475000017439e+05
1.421500000000000070e-06,2.077615212500015332e+05
1.421999999999999895e-06,2.311432350000006554e+05
1.422500000000000145e-06,2.464596874999990978e+05
1.422999999999999971e-06,2.201882249999992782e+05
1.423500000000000008e-06,1.993135224999996717e+05
1.423999999999999834e-06,1.838971399999997811e+05
1.424500000000000083e-06,2.056541075000001292e+05
1.425000000000000121e-06,2.197284374999999709e+05
1.425499999999999947e-06,2.245919312499999360e+05
1.425999999999999984e-06,2.321236949999998906e+05
1.426500000000000022e-06,2.436306387499996927e+05
1.427000000000000059e-06,2.598993724999995611e+05
1.427500000000000097e-06,2.315853125000010768e+05
1.427999999999999923e-06,2.022849200000010896e+05
1.428500000000000172e-06,1.758111150000012713e+05
1.428999999999999998e-06,1.942524799999987590e+05
1.429500000000000035e-06,2.281455012499968580e+05
1.429999999999999861e-06,2.787251749999965541e+05
1.430500000000000110e-06,3.000539049999986892e+05
1.431000000000000148e-06,2.884760999999946216e+05
1.431499999999999974e-06,2.281436499999950174e+05
1.432000000000000011e-06,1.750541899999960733e+05
1.432500000000000049e-06,1.483980187500013853e+05
1.433000000000000087e-06,1.687374075000012526e+05
1.433499999999999912e-06,1.976250350000016915e+05
1.433999999999999950e-06,2.159287499999996508e+05
1.434500000000000199e-06,2.088203124999997090e+05
1.435000000000000025e-06,2.099619625000001106e+05
1.435500000000000063e-06,2.166212950000004203e+05
1.435999999999999888e-06,2.317004400000003225e+05
1.436500000000000138e-06,2.226008824999997742e+05
1.436999999999999964e-06,2.040135549999997893e+05
1.437500000000000001e-06,1.775728125000000000e+05
1.438000000000000039e-06,1.775349849999999278e+05
1.438499999999999864e-06,1.903260312499996217e+05
1.439000000000000114e-06,2.169909374999994470e+05
1.439499999999999940e-06,2.274259224999998696e+05
1.439999999999999977e-06,2.308457000000000407e+05
1.440499999999999803e-06,2.298789525000000431e+05
1.441000000000000052e-06,2.233967125000004307e+05
1.441500000000000090e-06,2.142674112500006158e+05
1.441999999999999916e-06,2.033878650000006892e+05
1.442499999999999953e-06,2.092850874999990920e+05
1.442999999999999991e-06,2.249189074999980512e+05
1.443500000000000028e-06,2.507268337500023190e+05
1.443999999999999854e-06,2.679481600000010803e+05
1.444499999999999892e-06,2.749646112499980954e+05
1.445000000000000141e-06,2.494198624999982421e+05
1.445499999999999967e-06,2.181583024999978661e+05
1.446000000000000004e-06,1.891928950000004552e+05
1.446499999999999830e-06,1.975160487500004238e+05
1.447000000000000080e-06,2.281836500000018568e+05
1.447499999999999905e-06,2.728101562500015716e+05
1.447999999999999943e-06,3.178247500000012224e+05
1.448499999999999981e-06,3.437369537500002771e+05
1.449000000000000018e-06,3.531023199999995995e+05
1.449500000000000056e-06,3.234571599999997998e+05
1.449999999999999881e-06,2.735897500000000000e+05
1.450499999999999919e-06,2.102996012500002107e+05
1.451000000000000168e-06,1.817263275000003923e+05
1.451499999999999994e-06,1.883909137499992503e+05
1.452000000000000032e-06,2.247348399999990361e+05
1.452499999999999858e-06,2.600072374999987951e+05
1.453000000000000107e-06,2.996574699999982258e+05
1.453499999999999933e-06,3.433655924999980489e+05
1.453999999999999970e-06,3.842030699999977369e+05
1.454500000000000008e-06,3.896372025000019348e+05
1.455000000000000045e-06,3.587184750000021304e+05
1.455500000000000083e-06,3.196988062500029337e+05
1.455999999999999909e-06,3.114043200000023935e+05
1.456499999999999946e-06,3.381003050000022049e+05
1.456999999999999984e-06,3.637058600000019069e+05
1.457500000000000021e-06,3.848021375000010594e+05
1.458000000000000059e-06,4.003190300000009593e+05
1.458499999999999885e-06,4.377121812500021188e+05
1.459000000000000134e-06,4.594470049999998882e+05
1.459499999999999960e-06,4.573191024999999208e+05
1.459999999999999997e-06,4.068803999999981024e+05
1.460499999999999823e-06,3.570798199999988428e+05
1.461000000000000073e-06,3.158072399999991758e+05
1.461500000000000110e-06,3.212901162500001374e+05
1.461999999999999936e-06,3.351177350000001024e+05
1.462499999999999974e-06,3.525767187500000000e+05
1.463000000000000011e-06,3.383499075000001467e+05
1.463500000000000049e-06,3.356535174999996088e+05
1.463999999999999874e-06,3.646546199999994133e+05
1.464499999999999912e-06,4.007464512499989942e+05
1.465000000000000161e-06,4.101014250000017346e+05
1.465499999999999987e-06,3.600064475000020466e+05
1.466000000000000025e-06,3.023310550000028452e+05
1.466499999999999851e-06,2.544722662500011211e+05
1.467000000000000100e-06,2.341117175000012503e+05
1.467499999999999926e-06,2.460884874999985623e+05
1.467999999999999963e-06,2.726200799999968731e+05
1.468500000000000001e-06,3.143158600000037113e+05
1.469000000000000038e-06,3.202080124999995460e+05
1.469500000000000076e-06,3.043719487499964307e+05
1.469999999999999902e-06,2.568869249999967287e+05
1.470499999999999939e-06,2.223959599999981583e+05
1.471000000000000189e-06,1.996916100000001315e+05
1.471500000000000014e-06,2.017520650000001187e+05
1.472000000000000052e-06,2.128642500000006403e+05
1.472499999999999878e-06,2.274364625000004889e+05
1.473000000000000127e-06,2.411071450000003970e+05
1.473499999999999953e-06,2.701536000000007334e+05
1.473999999999999990e-06,3.129318750000010477e+05
1.474499999999999816e-06,3.875374062500005239e+05
1.475000000000000066e-06,4.284768750000000000e+05
1.475500000000000103e-06,4.399017137500004028e+05
1.475999999999999929e-06,3.812812400000008056e+05
1.476499999999999967e-06,3.320677000000008848e+05
1.477000000000000004e-06,2.919840150000003632e+05
1.477500000000000042e-06,2.783503625000004540e+05
1.478000000000000079e-06,2.843349099999992177e+05
1.478499999999999905e-06,3.041234574999984470e+05
1.479000000000000154e-06,3.364070049999982002e+05
1.479499999999999980e-06,3.339005375000016647e+05
1.480000000000000018e-06,3.077853000000011525e+05
1.480499999999999844e-06,2.911786675000012619e+05
1.481000000000000093e-06,2.977683550000021933e+05
1.481500000000000130e-06,3.217618562500011176e+05
1.481999999999999956e-06,3.350232250000010245e+05
1.482499999999999994e-06,3.592521062500022817e+05
1.483000000000000031e-06,3.926385625000015134e+05
1.483500000000000069e-06,4.174850312500013970e+05
1.483999999999999895e-06,4.192893599999990547e+05
1.484499999999999932e-06,3.993330937499994179e+05
1.485000000000000182e-06,3.850996874999995343e+05
1.485500000000000007e-06,3.761861412499999278e+05
1.486000000000000045e-06,3.728183949999999604e+05
1.486499999999999871e-06,3.482387849999996251e+05
1.487000000000000120e-06,3.256794124999998021e+05
1.487499999999999946e-06,3.060105312500000000e+05
1.487999999999999983e-06,3.313293199999998324e+05
1.488500000000000021e-06,3.665275737499993993e+05
1.489000000000000059e-06,4.114416574999990407e+05
1.489500000000000096e-06,4.421560212499991758e+05
1.489999999999999922e-06,4.753491749999987078e+05
1.490499999999999960e-06,5.135674412499984028e+05
1.491000000000000209e-06,5.266512724999994971e+05
1.491500000000000035e-06,5.179470375000021304e+05
1.492000000000000072e-06,4.795218000000023749e+05
1.492499999999999898e-06,4.677352500000005821e+05
1.493000000000000147e-06,4.733646074999977718e+05
1.493499999999999973e-06,5.027366712500026333e+05
1.494000000000000011e-06,5.226088250000015250e+05
1.494499999999999837e-06,5.308345524999991758e+05
1.495000000000000086e-06,5.197797749999992084e+05
1.495500000000000123e-06,5.027353912499988219e+05
1.495999999999999949e-06,4.949788200000008219e+05
1.496499999999999987e-06,5.098185925000006682e+05
1.497000000000000024e-06,5.348626625000011409e+05
1.497500000000000062e-06,5.558077812500002328e+05
1.498000000000000100e-06,5.609093250000001863e+05
1.498499999999999925e-06,5.616661087500000140e+05
1.499000000000000175e-06,5.649416100000002189e+05
1.499500000000000000e-06,5.784073050000000512e+05
1.500000000000000038e-06,5.983685000000000000e+05
1.500499999999999864e-06,6.184722399999998743e+05
1.500999999999999901e-06,6.325224799999997485e+05
1.501500000000000151e-06,6.372692399999999907e+05
1.501999999999999977e-06,6.340961550000006100e+05
1.502500000000000014e-06,6.148795687500006752e+05
1.502999999999999840e-06,5.738611200000020908e+05
1.503500000000000089e-06,5.236437562500024214e+05
1.503999999999999915e-06,4.727506500000028173e+05
1.504499999999999953e-06,4.548362475000001723e+05
1.504999999999999990e-06,4.628205374999959022e+05
1.505500000000000028e-06,5.222715412499954691e+05
1.506000000000000065e-06,5.887534500000062399e+05
1.506499999999999891e-06,6.526518687500022352e+05
1.506999999999999929e-06,6.799185125000020489e+05
1.507499999999999966e-06,6.730875999999982305e+05
1.508000000000000004e-06,6.426381599999964237e+05
1.508500000000000041e-06,5.840527324999967823e+05
1.508999999999999867e-06,5.553565524999995250e+05
1.509500000000000116e-06,5.519442075000022305e+05
1.509999999999999942e-06,6.054168500000017229e+05
1.510499999999999980e-06,6.425742925000006799e+05
1.510999999999999806e-06,6.661138000000000466e+05
1.511500000000000055e-06,6.637861999999999534e+05
1.512000000000000093e-06,6.615074399999999441e+05
1.512499999999999918e-06,6.582476250000000000e+05
1.512999999999999956e-06,6.344346900000001770e+05
1.513499999999999993e-06,6.113826712500003632e+05
1.514000000000000031e-06,5.898047549999997718e+05
1.514499999999999857e-06,6.032393712499996182e+05
1.514999999999999894e-06,6.261017124999988591e+05
1.515500000000000144e-06,6.580076862499986310e+05
1.515999999999999970e-06,6.601945199999999022e+05
1.516500000000000007e-06,6.493154062500013970e+05
1.516999999999999833e-06,6.246673125000015134e+05
1.517500000000000082e-06,6.191044750000003260e+05
1.518000000000000120e-06,6.193613599999995204e+05
1.518499999999999946e-06,6.258098700000005774e+05
1.518999999999999983e-06,6.146996749999989988e+05
1.519500000000000021e-06,6.065374374999997672e+05
1.520000000000000058e-06,6.033964999999997672e+05
1.520499999999999884e-06,6.298009425000017509e+05
1.520999999999999922e-06,6.559277050000012387e+05
1.521500000000000171e-06,6.782105075000011129e+05
1.521999999999999997e-06,6.824546950000000652e+05
1.522500000000000034e-06,6.858117312500001863e+05
1.522999999999999860e-06,6.909410475000001024e+05
1.523500000000000109e-06,6.915700037500000326e+05
1.523999999999999935e-06,6.876859999999998836e+05
1.524499999999999973e-06,6.770068124999998836e+05
1.525000000000000010e-06,6.650237500000000000e+05
1.525500000000000048e-06,6.519183512500000652e+05
1.526000000000000086e-06,6.370660150000002468e+05
1.526499999999999911e-06,6.261980262500002282e+05
1.526999999999999949e-06,6.229866749999996973e+05
1.527499999999999986e-06,6.346841874999996508e+05
1.528000000000000024e-06,6.518677299999991665e+05
1.528500000000000062e-06,6.663476912499996834e+05
1.528999999999999887e-06,6.708448524999996880e+05
1.529500000000000137e-06,6.694035775000002468e+05
1.529999999999999963e-06,6.662125500000002794e+05
1.530500000000000000e-06,6.628970425000002142e+05
1.530999999999999826e-06,6.604825074999998324e+05
1.531500000000000075e-06,6.594881562500002328e+05
1.532000000000000113e-06,6.620505000000002328e+05
1.532499999999999939e-06,6.672924437500004424e+05
1.532999999999999976e-06,6.715239574999997858e+05
1.533500000000000014e-06,6.684286462499998743e+05
1.534000000000000051e-06,6.539519949999990640e+05
1.534499999999999877e-06,6.356926599999994505e+05
1.534999999999999915e-06,6.217587999999995809e+05
1.535500000000000164e-06,6.237950550000001676e+05
1.535999999999999990e-06,6.339374900000001071e+05
1.536500000000000027e-06,6.468047537500001490e+05
1.536999999999999853e-06,6.543163699999999953e+05
1.537500000000000102e-06,6.590237812500000000e+05
1.537999999999999928e-06,6.639031450000000186e+05
1.538499999999999966e-06,6.656664612500000512e+05
1.539000000000000003e-06,6.650276325000000652e+05
1.539500000000000041e-06,6.601099162500001257e+05
1.540000000000000079e-06,6.576185999999999767e+05
1.540499999999999904e-06,6.567180899999999674e+05
1.540999999999999942e-06,6.558769799999999814e+05
1.541500000000000191e-06,6.534103050000001676e+05
1.542000000000000017e-06,6.499025100000001257e+05
1.542500000000000055e-06,6.482348375000001397e+05
1.542999999999999880e-06,6.457116250000002328e+05
1.543500000000000130e-06,6.420589087499986636e+05
1.543999999999999956e-06,6.286018099999988917e+05
1.544499999999999993e-06,6.192810312499995343e+05
1.545000000000000031e-06,6.140061500000009546e+05
1.545500000000000068e-06,6.292492850000008475e+05
1.546000000000000106e-06,6.424361900000005262e+05
1.546499999999999932e-06,6.536205725000005914e+05
1.546999999999999969e-06,6.552751500000000233e+05
1.547500000000000007e-06,6.567794312500000233e+05
1.548000000000000044e-06,6.581806199999999953e+05
1.548500000000000082e-06,6.587372824999999721e+05
1.548999999999999908e-06,6.587947974999999860e+05
1.549500000000000157e-06,6.582915862500000512e+05
1.549999999999999983e-06,6.567102500000000000e+05
1.550500000000000020e-06,6.549189637499999953e+05
1.550999999999999846e-06,6.529345524999999907e+05
1.551500000000000095e-06,6.497709925000000512e+05
1.552000000000000133e-06,6.469858000000000466e+05
1.552499999999999959e-06,6.448962500000001164e+05
1.552999999999999996e-06,6.461294399999999441e+05
1.553500000000000034e-06,6.470079912499999627e+05
1.554000000000000072e-06,6.466978649999998743e+05
1.554499999999999897e-06,6.429296625000002095e+05
1.554999999999999935e-06,6.358013750000008149e+05
1.555500000000000184e-06,6.235880875000009546e+05
1.556000000000000010e-06,6.088318399999986868e+05
1.556500000000000048e-06,5.999544075000003213e+05
1.556999999999999873e-06,6.036825350000002654e+05
1.557500000000000123e-06,6.168724562500010943e+05
1.557999999999999949e-06,6.293107950000003912e+05
1.558499999999999986e-06,6.355258837500003865e+05
1.559000000000000024e-06,6.365588125000000000e+05
1.559500000000000061e-06,6.360926174999999348e+05
1.560000000000000099e-06,6.351629000000000233e+05
1.560499999999999925e-06,6.343200949999999721e+05
1.560999999999999962e-06,6.335048599999999860e+05
1.561500000000000212e-06,6.326954899999999907e+05
1.562000000000000037e-06,6.308292950000000419e+05
1.562500000000000075e-06,6.286056562500001164e+05
1.562999999999999901e-06,6.263739375000000000e+05
1.563499999999999938e-06,6.253553712499999674e+05
1.563999999999999976e-06,6.247971600000000326e+05
1.564500000000000013e-06,6.242311300000000047e+05
1.565000000000000051e-06,6.235874000000000233e+05
1.565499999999999877e-06,6.228095475000001024e+05
1.566000000000000126e-06,6.215941700000000419e+05
1.566499999999999952e-06,6.196424800000000978e+05
1.566999999999999989e-06,6.170884675000002608e+05
1.567499999999999815e-06,6.132591687500003027e+05
1.568000000000000065e-06,6.073684500000006519e+05
1.568500000000000102e-06,5.995395649999987800e+05
1.568999999999999928e-06,5.865288099999988917e+05
1.569499999999999966e-06,5.649836337499979418e+05
1.570000000000000003e-06,5.374956749999976018e+05
1.570500000000000041e-06,5.034604762499979115e+05
1.570999999999999866e-06,4.828699199999993434e+05
1.571499999999999904e-06,4.732729387500005541e+05
1.572000000000000153e-06,4.849327600000004168e+05
1.572499999999999979e-06,4.940363000000002212e+05
1.573000000000000017e-06,5.010717850000000908e+05
1.573499999999999843e-06,5.053315575000001118e+05
1.574000000000000092e-06,5.144403550000001560e+05
1.574499999999999918e-06,5.276134325000001118e+05
1.574999999999999955e-06,5.438973750000000000e+05
1.575499999999999993e-06,5.549291424999999581e+05
1.576000000000000030e-06,5.610175800000000745e+05
1.576500000000000068e-06,5.516661825000002282e+05
1.576999999999999894e-06,5.404168750000003492e+05
1.577499999999999931e-06,5.272910625000004657e+05
1.577999999999999969e-06,5.214416450000002515e+05
1.578500000000000006e-06,5.187390874999999651e+05
1.579000000000000044e-06,5.193937249999999767e+05
1.579499999999999870e-06,5.220227387499998440e+05
1.580000000000000119e-06,5.255336999999997206e+05
1.580499999999999945e-06,5.300229262499996694e+05
1.580999999999999982e-06,5.355623100000005215e+05
1.581499999999999808e-06,5.408529537500004517e+05
1.582000000000000058e-06,5.457257050000004238e+05
1.582500000000000095e-06,5.500758687500002561e+05
1.582999999999999921e-06,5.541972575000001816e+05
1.583499999999999959e-06,5.580516837500002002e+05
1.583999999999999996e-06,5.625427200000002049e+05
1.584500000000000034e-06,5.667624025000002002e+05
1.584999999999999859e-06,5.704138250000000698e+05
1.585499999999999897e-06,5.716577924999999814e+05
1.586000000000000146e-06,5.717360799999999581e+05
1.586499999999999972e-06,5.703659699999999721e+05
1.587000000000000010e-06,5.671510925000000279e+05
1.587499999999999836e-06,5.606187812500000000e+05
1.588000000000000085e-06,5.480702400000001071e+05
1.588500000000000122e-06,5.311375737500002142e+05
1.588999999999999948e-06,5.187315925000000279e+05
1.589499999999999986e-06,5.187825087500000373e+05
1.590000000000000023e-06,5.325269999999994179e+05
1.590500000000000061e-06,5.484215337499994785e+05
1.590999999999999887e-06,5.607359924999993527e+05
1.591499999999999924e-06,5.655240037499999162e+05
1.592000000000000174e-06,5.673359799999999814e+05
1.592499999999999999e-06,5.670675125000000698e+05
1.593000000000000037e-06,5.673004099999999162e+05
1.593499999999999863e-06,5.674137387499999022e+05
1.594000000000000112e-06,5.665653549999999814e+05
1.594499999999999938e-06,5.649187762499998789e+05
1.594999999999999975e-06,5.631260374999999767e+05
1.595500000000000013e-06,5.619576087499998976e+05
1.596000000000000051e-06,5.585784199999998091e+05
1.596500000000000088e-06,5.541447237499997718e+05
1.596999999999999914e-06,5.493222274999998044e+05
1.597499999999999952e-06,5.476317187500000000e+05
1.597999999999999989e-06,5.470032999999999302e+05
1.598500000000000027e-06,5.438689749999999767e+05
1.599000000000000064e-06,5.356050774999998976e+05
1.599499999999999890e-06,5.244347949999999255e+05
1.600000000000000139e-06,5.126090000000000000e+05
1.600499999999999965e-06,5.002197925000000978e+05
1.601000000000000003e-06,4.873848450000002049e+05
1.601499999999999829e-06,4.737115175000002491e+05
1.602000000000000078e-06,4.645214400000001187e+05
1.602500000000000115e-06,4.588153937500000466e+05
1.602999999999999941e-06,4.580794225000000442e+05
1.603499999999999979e-06,4.593792324999998673e+05
1.604000000000000016e-06,4.625440799999995506e+05
1.604500000000000054e-06,4.710920587499994435e+05
1.604999999999999880e-06,4.829148624999989988e+05
1.605499999999999917e-06,4.971820924999993877e+05
1.606000000000000167e-06,5.046185100000007078e+05
1.606499999999999992e-06,5.037882087499993504e+05
1.607000000000000030e-06,4.954338624999993481e+05
1.607499999999999856e-06,4.867814062499994179e+05
1.608000000000000105e-06,4.800729799999996903e+05
1.608500000000000143e-06,4.753159474999997183e+05
1.608999999999999968e-06,4.706085049999997718e+05
1.609500000000000006e-06,4.654267099999997881e+05
1.610000000000000044e-06,4.597187999999998137e+05
1.610500000000000081e-06,4.492759174999996903e+05
1.610999999999999907e-06,4.392684624999997905e+05
1.611499999999999945e-06,4.300208812499998603e+05
1.612000000000000194e-06,4.351852000000000698e+05
1.612500000000000020e-06,4.465103750000000000e+05
1.613000000000000057e-06,4.648640299999998533e+05
1.613499999999999883e-06,4.794412287499997765e+05
1.614000000000000132e-06,4.910747499999998254e+05
1.614499999999999958e-06,4.988444374999997672e+05
1.614999999999999996e-06,5.041801124999998137e+05
1.615500000000000033e-06,5.082423549999999232e+05
1.616000000000000071e-06,5.106995599999998813e+05
1.616500000000000108e-06,5.117509187499999534e+05
1.616999999999999934e-06,5.126584424999999464e+05
1.617499999999999972e-06,5.137091687499999534e+05
1.618000000000000009e-06,5.146971799999999348e+05
1.618500000000000047e-06,5.152845837499999907e+05
1.619000000000000084e-06,5.150723225000000093e+05
1.619499999999999910e-06,5.153988112500000279e+05
1.620000000000000160e-06,5.159658000000000466e+05
1.620499999999999985e-06,5.168049262500000768e+05
1.621000000000000023e-06,5.167881975000000093e+05
1.621499999999999849e-06,5.164372537499999744e+05
1.622000000000000098e-06,5.158084049999999697e+05
1.622500000000000136e-06,5.153243437500000000e+05
1.622999999999999961e-06,5.147923199999999488e+05
1.623499999999999999e-06,5.139882399999999907e+05
1.624000000000000037e-06,5.128994699999999721e+05
1.624500000000000074e-06,5.117579400000000023e+05
1.624999999999999900e-06,5.107740000000000000e+05
1.625499999999999938e-06,5.097474224999999860e+05
1.625999999999999975e-06,5.087379899999999907e+05
1.626500000000000013e-06,5.078611725000000442e+05
1.627000000000000050e-06,5.071156575000000303e+05
1.627499999999999876e-06,5.062532250000000349e+05
1.627999999999999914e-06,5.045895200000000768e+05
1.628500000000000163e-06,5.030639262500000768e+05
1.628999999999999989e-06,5.018325899999999674e+05
1.629500000000000026e-06,5.018299449999999488e+05
1.629999999999999852e-06,5.006381500000000815e+05
1.630500000000000101e-06,4.986817412500001956e+05
1.630999999999999927e-06,4.960347574999997742e+05
1.631499999999999965e-06,4.949532862500000047e+05
1.631999999999999791e-06,4.946164999999998254e+05
1.632500000000000040e-06,4.924013124999998254e+05
1.633000000000000078e-06,4.896099349999998230e+05
1.633499999999999903e-06,4.867746975000001257e+05
1.633999999999999941e-06,4.879027900000000955e+05
1.634499999999999978e-06,4.880970299999999697e+05
1.635000000000000016e-06,4.873942624999998370e+05
1.635500000000000054e-06,4.835371912499998580e+05
1.635999999999999879e-06,4.817713599999999860e+05
1.636500000000000129e-06,4.817275462500000140e+05
1.636999999999999955e-06,4.808421325000000070e+05
1.637499999999999992e-06,4.775845000000000000e+05
1.637999999999999818e-06,4.721653800000000047e+05
1.638500000000000067e-06,4.706286350000000093e+05
1.639000000000000105e-06,4.694600000000000000e+05
1.639499999999999931e-06,4.686665000000000000e+05
1.639999999999999968e-06,4.569172500000004075e+05
1.640500000000000006e-06,4.420641475000007194e+05
1.641000000000000043e-06,4.239339950000008103e+05
1.641499999999999869e-06,4.196183250000001863e+05
1.641999999999999907e-06,4.215483999999994412e+05
1.642500000000000156e-06,4.304884999999993597e+05
1.642999999999999982e-06,4.370166449999994948e+05
1.643500000000000019e-06,4.440459687500006985e+05
1.643999999999999845e-06,4.519975000000006403e+05
1.644500000000000094e-06,4.582318612500004820e+05
1.644999999999999920e-06,4.598360374999996275e+05
1.645499999999999958e-06,4.546670462499996647e+05
1.645999999999999995e-06,4.505475449999998091e+05
1.646500000000000033e-06,4.501655037500002654e+05
1.647000000000000071e-06,4.558515925000002026e+05
1.647499999999999896e-06,4.555987937499999534e+05
1.647999999999999934e-06,4.515520299999997369e+05
1.648499999999999971e-06,4.422026162499997881e+05
1.649000000000000009e-06,4.400793499999999767e+05
1.649500000000000047e-06,4.412713950000000186e+05
1.649999999999999872e-06,4.464265000000000000e+05
1.650500000000000122e-06,4.451954037499999977e+05
1.650999999999999948e-06,4.418507925000000396e+05
1.651499999999999985e-06,4.370388762500000885e+05
1.651999999999999811e-06,4.403020399999998626e+05
1.652500000000000060e-06,4.452676687499998952e+05
1.653000000000000098e-06,4.489329774999998626e+05
1.653499999999999924e-06,4.468142287500001839e+05
1.653999999999999961e-06,4.439011549999999697e+05
1.654499999999999999e-06,4.440380337500000023e+05
1.655000000000000036e-06,4.464773749999997672e+05
1.655500000000000074e-06,4.484873912500001607e+05
1.655999999999999900e-06,4.461908699999998207e+05
1.656500000000000149e-06,4.426804087499996531e+05
1.656999999999999975e-06,4.398714175000001560e+05
1.657500000000000012e-06,4.418148312500001630e+05
1.657999999999999838e-06,4.451801200000002282e+05
1.658500000000000087e-06,4.485588187500000349e+05
1.659000000000000125e-06,4.489787125000000233e+05
1.659499999999999951e-06,4.480011874999999418e+05
1.659999999999999988e-06,4.465497000000000116e+05
1.660500000000000026e-06,4.464154662499999977e+05
1.661000000000000064e-06,4.452892024999999558e+05
1.661499999999999889e-06,4.431663512499999488e+05
1.661999999999999927e-06,4.380370349999999744e+05
1.662500000000000176e-06,4.351624062500000000e+05
1.663000000000000002e-06,4.341463674999999930e+05
1.663500000000000040e-06,4.370300787499999860e+05
1.663999999999999865e-06,4.388915999999999767e+05
1.664500000000000115e-06,4.389373275000003632e+05
1.664999999999999941e-06,4.258326750000004540e+05
1.665499999999999978e-06,4.040476787500011851e+05
1.666000000000000016e-06,3.766052550000004703e+05
1.666500000000000053e-06,3.674092512500004959e+05
1.667000000000000091e-06,3.737369699999988079e+05
1.667499999999999917e-06,3.931909374999988358e+05
1.667999999999999954e-06,4.104694000000016531e+05
1.668499999999999992e-06,4.212183850000004168e+05
1.669000000000000029e-06,4.258306150000001071e+05
1.669500000000000067e-06,4.267867825000000885e+05
1.669999999999999893e-06,4.275755750000000698e+05
1.670500000000000142e-06,4.281911987500000396e+05
1.670999999999999968e-06,4.266364024999999092e+05
1.671500000000000005e-06,4.238607224999997998e+05
1.671999999999999831e-06,4.197437799999998533e+05
1.672500000000000080e-06,4.179725624999999418e+05
1.673000000000000118e-06,4.183307825000000885e+05
1.673499999999999944e-06,4.212330087500000373e+05
1.673999999999999981e-06,4.201598750000000000e+05
1.674500000000000019e-06,4.168407712499989429e+05
1.675000000000000057e-06,4.108081875000000000e+05
1.675500000000000094e-06,4.080926787499996135e+05
1.675999999999999920e-06,4.066136599999999744e+05
1.676500000000000169e-06,4.065085212499999907e+05
1.676999999999999995e-06,4.044502600000000675e+05
1.677500000000000033e-06,4.023209999999997672e+05
1.677999999999999858e-06,4.005224000000000815e+05
1.678500000000000108e-06,4.031745250000004307e+05
1.679000000000000145e-06,4.065399074999997974e+05
1.679499999999999971e-06,4.098415287500003469e+05
1.680000000000000009e-06,4.049470500000004540e+05
1.680500000000000046e-06,3.956307287499985541e+05
1.681000000000000084e-06,3.804266075000012643e+05
1.681499999999999910e-06,3.738051862499996205e+05
1.681999999999999947e-06,3.742476099999987637e+05
1.682500000000000197e-06,3.866777875000008498e+05
1.683000000000000022e-06,3.959015349999991013e+05
1.683500000000000060e-06,4.006036587499997113e+05
1.683999999999999886e-06,3.955047600000006496e+05
1.684500000000000135e-06,3.918294112499998882e+05
1.684999999999999961e-06,3.910266249999991269e+05
1.685499999999999998e-06,3.976457375000001630e+05
1.686000000000000036e-06,4.018005649999994785e+05
1.686500000000000074e-06,4.031666599999999162e+05
1.687000000000000111e-06,3.978660799999990850e+05
1.687499999999999937e-06,3.941367500000000582e+05
1.687999999999999974e-06,3.923034100000005565e+05
1.688499999999999800e-06,3.955812262499999488e+05
1.689000000000000050e-06,3.965535549999999348e+05
1.689500000000000087e-06,3.952953412500001141e+05
1.689999999999999913e-06,3.884203249999990221e+05
1.690499999999999951e-06,3.809960700000002980e+05
1.690999999999999988e-06,3.741139749999997439e+05
1.691500000000000026e-06,3.720045875000001397e+05
1.691999999999999851e-06,3.750729600000006612e+05
1.692499999999999889e-06,3.811751812499995576e+05
1.693000000000000138e-06,3.877037025000006543e+05
1.693499999999999964e-06,3.898713200000000652e+05
1.694000000000000002e-06,3.889709649999997346e+05
1.694499999999999828e-06,3.854405512500003679e+05
1.695000000000000077e-06,3.851287125000001397e+05
1.695499999999999903e-06,3.870065474999999278e+05
1.695999999999999940e-06,3.878278200000000652e+05
1.696499999999999978e-06,3.812096137500015320e+05
1.697000000000000015e-06,3.688957649999996065e+05
1.697500000000000053e-06,3.588196375000014086e+05
1.697999999999999879e-06,3.593044050000002608e+05
1.698499999999999916e-06,3.688671249999987776e+05
1.699000000000000166e-06,3.771327500000001164e+05
1.699499999999999991e-06,3.794882037499994040e+05
1.700000000000000029e-06,3.762170000000000000e+05
