m, None
9.000000000000000652e-07,5.648179100000000341e-01
9.004999999999999968e-07,5.363133500000000220e-01
9.010000000000000344e-07,5.208393900000000132e-01
9.014999999999999661e-07,5.488818300000000150e-01
9.020000000000000037e-07,5.471969800000000550e-01
9.024999999999999353e-07,5.489569899999999780e-01
9.029999999999999729e-07,5.909723000000000059e-01
9.035000000000000105e-07,6.646207600000000326e-01
9.040000000000000480e-07,7.022294399999999825e-01
9.044999999999999797e-07,6.921022500000000299e-01
9.050000000000000173e-07,6.865804199999999691e-01
9.054999999999999490e-07,6.849076200000000503e-01
9.059999999999999865e-07,6.610657599999999467e-01
9.065000000000000241e-07,6.119962300000000299e-01
9.070000000000000617e-07,5.643404100000000145e-01
9.074999999999999933e-07,5.376235200000000214e-01
9.080000000000000309e-07,5.442961499999999786e-01
9.084999999999999626e-07,5.446221199999999873e-01
9.090000000000000002e-07,5.329634500000000052e-01
9.094999999999999318e-07,5.358887900000000037e-01
9.100000000000000753e-07,5.430939799999999762e-01
9.105000000000000070e-07,5.338621099999999453e-01
9.110000000000000445e-07,5.524498799999999488e-01
9.114999999999999762e-07,5.877160399999999951e-01
9.120000000000000138e-07,5.776211599999999668e-01
9.124999999999999455e-07,5.706929600000000269e-01
9.129999999999999830e-07,5.172483300000000339e-01
9.135000000000000206e-07,4.496063299999999985e-01
9.140000000000000582e-07,4.926583199999999829e-01
9.144999999999999899e-07,5.827218299999999962e-01
9.150000000000000274e-07,5.560680599999999751e-01
9.154999999999999591e-07,4.600193799999999777e-01
9.159999999999999967e-07,4.907327000000000217e-01
9.165000000000000342e-07,5.776400000000000423e-01
9.170000000000000718e-07,5.587496800000000263e-01
9.175000000000000035e-07,4.863761699999999966e-01
9.180000000000000410e-07,4.928892300000000115e-01
9.184999999999999727e-07,5.688881300000000474e-01
9.190000000000000103e-07,6.210566800000000276e-01
9.194999999999999420e-07,6.320582599999999829e-01
9.200000000000000854e-07,6.631166299999999847e-01
9.205000000000000171e-07,6.950883300000000320e-01
9.210000000000000547e-07,6.725255300000000380e-01
9.214999999999999864e-07,6.393790799999999885e-01
9.220000000000000239e-07,6.428994500000000389e-01
9.224999999999999556e-07,6.744337099999999641e-01
9.229999999999999932e-07,6.740145100000000111e-01
9.235000000000000307e-07,6.339489799999999953e-01
9.240000000000000683e-07,6.030025500000000260e-01
9.245000000000000000e-07,5.988950100000000054e-01
9.250000000000000376e-07,6.150302300000000111e-01
9.254999999999999692e-07,6.359488399999999597e-01
9.260000000000000068e-07,6.361423699999999570e-01
9.264999999999999385e-07,6.354170999999999569e-01
9.270000000000000819e-07,6.393749699999999869e-01
9.275000000000000136e-07,5.733447699999999481e-01
9.280000000000000512e-07,4.797763800000000023e-01
9.284999999999999829e-07,4.355451200000000078e-01
9.290000000000000204e-07,4.181020599999999976e-01
9.294999999999999521e-07,3.918030900000000205e-01
9.300000000000000956e-07,3.515872400000000231e-01
9.305000000000000272e-07,3.207196299999999778e-01
9.310000000000000648e-07,2.954842999999999775e-01
9.314999999999999965e-07,2.481658499999999934e-01
9.320000000000000341e-07,1.796743600000000052e-01
9.324999999999999657e-07,1.488503700000000096e-01
9.330000000000000033e-07,1.523867999999999889e-01
9.335000000000000409e-07,1.289263999999999966e-01
9.340000000000000784e-07,8.280337999999999588e-02
9.345000000000000101e-07,9.250911000000000550e-02
9.350000000000000477e-07,1.596697900000000059e-01
9.354999999999999794e-07,1.615157399999999910e-01
9.360000000000000169e-07,1.364926700000000104e-01
9.364999999999999486e-07,1.467230499999999938e-01
9.370000000000000921e-07,1.274755599999999878e-01
9.375000000000000238e-07,1.107277599999999945e-01
9.379999999999999554e-07,1.236957699999999966e-01
9.384999999999999930e-07,1.671063000000000132e-01
9.389999999999999247e-07,2.724084600000000189e-01
9.394999999999999623e-07,3.746220200000000000e-01
9.399999999999998939e-07,3.681760099999999980e-01
9.405000000000000374e-07,3.021788899999999778e-01
9.409999999999999691e-07,2.797646500000000036e-01
9.415000000000000066e-07,2.874078500000000203e-01
9.419999999999999383e-07,2.950849199999999728e-01
9.424999999999999759e-07,2.520327900000000065e-01
9.429999999999999076e-07,2.120922399999999874e-01
9.435000000000000510e-07,2.413475099999999873e-01
9.439999999999999827e-07,2.021093999999999946e-01
9.445000000000000203e-07,1.699400199999999972e-01
9.449999999999999519e-07,2.468965200000000082e-01
9.454999999999999895e-07,2.498856600000000094e-01
9.459999999999999212e-07,1.911781300000000017e-01
9.464999999999999588e-07,1.981349000000000027e-01
9.469999999999999963e-07,2.347316999999999876e-01
9.475000000000000339e-07,2.546331000000000011e-01
9.479999999999999656e-07,2.342253900000000055e-01
9.485000000000000031e-07,2.447045700000000101e-01
9.489999999999999348e-07,3.059961500000000223e-01
9.494999999999999724e-07,2.594925200000000043e-01
9.499999999999999041e-07,1.682924500000000101e-01
9.505000000000000475e-07,2.363926899999999887e-01
9.509999999999999792e-07,3.709393699999999905e-01
9.515000000000000168e-07,3.489714899999999953e-01
9.519999999999999484e-07,2.154010399999999881e-01
9.524999999999999860e-07,1.698927299999999918e-01
9.529999999999999177e-07,2.455391100000000049e-01
9.535000000000000611e-07,3.321216399999999958e-01
9.539999999999998869e-07,3.331589699999999987e-01
9.544999999999999245e-07,2.941757700000000031e-01
9.549999999999999621e-07,2.896031700000000209e-01
9.554999999999999996e-07,2.819690100000000199e-01
9.560000000000000372e-07,2.751616199999999957e-01
9.565000000000000748e-07,2.741668500000000175e-01
9.569999999999999006e-07,2.977317300000000277e-01
9.574999999999999381e-07,3.866739599999999832e-01
9.579999999999999757e-07,4.200334800000000146e-01
9.585000000000000133e-07,3.573571400000000176e-01
9.590000000000000508e-07,2.832965900000000148e-01
9.595000000000000884e-07,2.603310899999999872e-01
9.599999999999999142e-07,3.259991700000000048e-01
9.604999999999999518e-07,3.735638299999999856e-01
9.609999999999999893e-07,3.832834700000000150e-01
9.615000000000000269e-07,4.194530000000000203e-01
9.620000000000000645e-07,3.909814400000000134e-01
9.625000000000001020e-07,3.409273299999999729e-01
9.629999999999999278e-07,4.144570799999999777e-01
9.634999999999999654e-07,4.686085899999999915e-01
9.640000000000000030e-07,4.190791200000000272e-01
9.645000000000000405e-07,4.147057199999999999e-01
9.649999999999998663e-07,4.411908099999999888e-01
9.655000000000001157e-07,4.615371500000000071e-01
9.659999999999999415e-07,4.431850900000000038e-01
9.664999999999999790e-07,3.966926599999999747e-01
9.670000000000000166e-07,4.662216900000000219e-01
9.675000000000000542e-07,6.027969699999999875e-01
9.679999999999998800e-07,6.380459699999999623e-01
9.685000000000001293e-07,6.133209499999999759e-01
9.689999999999999551e-07,6.345810899999999588e-01
9.694999999999999927e-07,6.527301699999999984e-01
9.700000000000000302e-07,6.387541300000000311e-01
9.705000000000000678e-07,6.447222799999999809e-01
9.709999999999998936e-07,6.727538100000000076e-01
9.714999999999999312e-07,6.758586199999999655e-01
9.719999999999999687e-07,6.560268999999999684e-01
9.725000000000000063e-07,6.311242000000000241e-01
9.730000000000000438e-07,6.131588799999999617e-01
9.735000000000000814e-07,5.728836099999999876e-01
9.739999999999999072e-07,5.308092800000000500e-01
9.744999999999999448e-07,5.636652100000000276e-01
9.749999999999999823e-07,5.987376599999999494e-01
9.755000000000000199e-07,5.742264400000000046e-01
9.760000000000000575e-07,5.323662799999999695e-01
9.765000000000000950e-07,5.508119500000000501e-01
9.769999999999999208e-07,6.381841900000000400e-01
9.774999999999999584e-07,6.797748799999999703e-01
9.779999999999999960e-07,6.439253700000000524e-01
9.785000000000000335e-07,6.235944599999999616e-01
9.790000000000000711e-07,6.206343800000000410e-01
9.795000000000001087e-07,6.109022499999999800e-01
9.799999999999999345e-07,6.242124399999999795e-01
9.804999999999999720e-07,6.591973899999999942e-01
9.810000000000000096e-07,7.109893600000000147e-01
9.815000000000000472e-07,7.249801200000000057e-01
9.820000000000000847e-07,7.012071600000000515e-01
9.825000000000001223e-07,6.878130399999999867e-01
9.829999999999999481e-07,6.915286800000000067e-01
9.834999999999999857e-07,7.263290300000000421e-01
9.840000000000000232e-07,7.505909800000000187e-01
9.845000000000000608e-07,7.309170400000000178e-01
9.849999999999998866e-07,7.257023999999999697e-01
9.855000000000001359e-07,7.585874799999999807e-01
9.859999999999999617e-07,7.899482799999999472e-01
9.864999999999999993e-07,7.964851299999999856e-01
9.870000000000000369e-07,7.788975799999999783e-01
9.875000000000000744e-07,7.677943699999999483e-01
9.879999999999999002e-07,7.835185500000000358e-01
9.885000000000001496e-07,8.037399600000000310e-01
9.889999999999999754e-07,8.084499800000000125e-01
9.895000000000000129e-07,7.982263600000000237e-01
9.900000000000000505e-07,7.873168600000000072e-01
9.905000000000000881e-07,7.936352500000000143e-01
9.909999999999999139e-07,8.069710100000000441e-01
9.914999999999999514e-07,8.129347599999999785e-01
9.919999999999999890e-07,8.145942099999999852e-01
9.925000000000000266e-07,8.055807900000000465e-01
9.930000000000000641e-07,7.972008600000000111e-01
9.935000000000001017e-07,8.086686100000000099e-01
9.939999999999999275e-07,8.205273199999999489e-01
9.944999999999999651e-07,8.228687599999999769e-01
9.950000000000000026e-07,8.237522800000000034e-01
9.955000000000000402e-07,8.225409399999999982e-01
9.960000000000000777e-07,8.234481799999999740e-01
9.965000000000001153e-07,8.251527499999999904e-01
9.969999999999999411e-07,8.248500800000000410e-01
9.974999999999999787e-07,8.247941100000000247e-01
9.980000000000000162e-07,8.244768999999999570e-01
9.985000000000000538e-07,8.248392300000000343e-01
9.990000000000000914e-07,8.236620399999999842e-01
9.995000000000001289e-07,8.204074500000000381e-01
9.999999999999999547e-07,8.207790299999999650e-01
1.000499999999999992e-06,8.252880000000000216e-01
1.000999999999999818e-06,8.259542600000000512e-01
1.001500000000000067e-06,8.144890099999999578e-01
1.002000000000000105e-06,8.024979800000000552e-01
1.002499999999999931e-06,8.088888499999999926e-01
1.002999999999999968e-06,8.240559699999999710e-01
1.003500000000000006e-06,8.269856599999999558e-01
1.004000000000000044e-06,8.215366600000000297e-01
1.004499999999999869e-06,8.224486100000000244e-01
1.004999999999999907e-06,8.252173699999999501e-01
1.005500000000000156e-06,8.246217999999999604e-01
1.005999999999999982e-06,8.262690900000000394e-01
1.006500000000000020e-06,8.284995000000000553e-01
1.006999999999999845e-06,8.288232100000000324e-01
1.007500000000000095e-06,8.262231300000000278e-01
1.007999999999999921e-06,8.229386800000000335e-01
1.008499999999999958e-06,8.211031600000000541e-01
1.008999999999999996e-06,8.145770399999999745e-01
1.009500000000000033e-06,8.099105399999999566e-01
1.010000000000000071e-06,8.161025600000000324e-01
1.010499999999999897e-06,8.249413399999999674e-01
1.010999999999999934e-06,8.296528499999999973e-01
1.011499999999999972e-06,8.281950399999999934e-01
1.012000000000000009e-06,8.250888600000000350e-01
1.012500000000000047e-06,8.275427199999999539e-01
1.012999999999999873e-06,8.312638999999999445e-01
1.013500000000000122e-06,8.329144099999999939e-01
1.013999999999999948e-06,8.315138199999999591e-01
1.014499999999999985e-06,8.289717399999999570e-01
1.014999999999999811e-06,8.286864800000000031e-01
1.015500000000000060e-06,8.294568100000000443e-01
1.016000000000000098e-06,8.324851399999999568e-01
1.016499999999999924e-06,8.336426599999999798e-01
1.016999999999999961e-06,8.306583199999999501e-01
1.017499999999999999e-06,8.304999499999999868e-01
1.018000000000000037e-06,8.339703099999999925e-01
1.018499999999999862e-06,8.346187499999999648e-01
1.018999999999999900e-06,8.282283499999999465e-01
1.019500000000000149e-06,8.245410300000000081e-01
1.019999999999999975e-06,8.302981900000000470e-01
1.020500000000000013e-06,8.344414799999999577e-01
1.020999999999999838e-06,8.336925499999999767e-01
1.021500000000000088e-06,8.322325299999999704e-01
1.022000000000000125e-06,8.329345000000000221e-01
1.022499999999999951e-06,8.332315099999999530e-01
1.022999999999999989e-06,8.292883599999999467e-01
1.023500000000000026e-06,8.229893999999999821e-01
1.024000000000000064e-06,8.225871900000000236e-01
1.024499999999999890e-06,8.317587400000000519e-01
1.024999999999999927e-06,8.366101999999999705e-01
1.025500000000000176e-06,8.346719099999999614e-01
1.026000000000000002e-06,8.344056600000000490e-01
1.026500000000000040e-06,8.356894299999999554e-01
1.026999999999999866e-06,8.333949999999999969e-01
1.027500000000000115e-06,8.306696999999999553e-01
1.027999999999999941e-06,8.330227100000000551e-01
1.028499999999999978e-06,8.345795299999999584e-01
1.029000000000000016e-06,8.354077300000000150e-01
1.029500000000000053e-06,8.371897900000000448e-01
1.030000000000000091e-06,8.380472100000000424e-01
1.030499999999999917e-06,8.386022400000000543e-01
1.030999999999999954e-06,8.376812900000000228e-01
1.031499999999999992e-06,8.369550100000000548e-01
1.032000000000000030e-06,8.386060600000000420e-01
1.032500000000000067e-06,8.400675100000000173e-01
1.032999999999999893e-06,8.396036000000000055e-01
1.033500000000000142e-06,8.391747499999999693e-01
1.033999999999999968e-06,8.400334699999999488e-01
1.034500000000000006e-06,8.408018400000000225e-01
1.034999999999999831e-06,8.409624700000000175e-01
1.035500000000000081e-06,8.407067099999999682e-01
1.036000000000000118e-06,8.403612999999999778e-01
1.036499999999999944e-06,8.406227200000000455e-01
1.036999999999999982e-06,8.407883000000000440e-01
1.037500000000000019e-06,8.407696500000000350e-01
1.038000000000000057e-06,8.409766600000000425e-01
1.038499999999999883e-06,8.410834700000000552e-01
1.038999999999999920e-06,8.411678700000000397e-01
1.039500000000000169e-06,8.413609899999999753e-01
1.039999999999999995e-06,8.415078499999999462e-01
1.040500000000000033e-06,8.414776299999999765e-01
1.040999999999999859e-06,8.412909499999999818e-01
1.041500000000000108e-06,8.412826700000000102e-01
1.041999999999999934e-06,8.415168499999999829e-01
1.042499999999999971e-06,8.417147999999999852e-01
1.043000000000000009e-06,8.419171600000000533e-01
1.043500000000000046e-06,8.420736800000000466e-01
1.044000000000000084e-06,8.421204100000000414e-01
1.044499999999999910e-06,8.421024099999999679e-01
1.044999999999999947e-06,8.419645999999999519e-01
1.045500000000000197e-06,8.419224600000000391e-01
1.046000000000000023e-06,8.420928100000000249e-01
1.046500000000000060e-06,8.421901499999999707e-01
1.046999999999999886e-06,8.420773700000000472e-01
1.047500000000000135e-06,8.419863600000000448e-01
1.047999999999999961e-06,8.420591400000000393e-01
1.048499999999999999e-06,8.419199600000000228e-01
1.049000000000000036e-06,8.413849500000000203e-01
1.049500000000000074e-06,8.409607999999999528e-01
1.050000000000000111e-06,8.409860099999999505e-01
1.050499999999999937e-06,8.412348600000000287e-01
1.050999999999999975e-06,8.411807399999999824e-01
1.051500000000000012e-06,8.406673700000000249e-01
1.052000000000000050e-06,8.402583599999999819e-01
1.052500000000000087e-06,8.402013799999999977e-01
1.052999999999999913e-06,8.400434900000000038e-01
1.053500000000000162e-06,8.396161800000000452e-01
1.053999999999999988e-06,8.392950900000000214e-01
1.054500000000000026e-06,8.391710500000000295e-01
1.054999999999999852e-06,8.388692100000000318e-01
1.055500000000000101e-06,8.382623799999999736e-01
1.056000000000000139e-06,8.377240299999999529e-01
1.056499999999999964e-06,8.373663399999999868e-01
1.057000000000000002e-06,8.367721999999999660e-01
1.057500000000000039e-06,8.358615600000000034e-01
1.058000000000000077e-06,8.347863599999999495e-01
1.058499999999999903e-06,8.337632999999999850e-01
1.058999999999999940e-06,8.333859999999999602e-01
1.059500000000000190e-06,8.334861399999999865e-01
1.060000000000000016e-06,8.331981299999999813e-01
1.060500000000000053e-06,8.326639500000000416e-01
1.060999999999999879e-06,8.325146399999999725e-01
1.061500000000000128e-06,8.324360299999999935e-01
1.061999999999999954e-06,8.310241699999999510e-01
1.062499999999999992e-06,8.289418800000000198e-01
1.063000000000000029e-06,8.288752400000000131e-01
1.063499999999999855e-06,8.301674100000000500e-01
1.064000000000000104e-06,8.300424199999999475e-01
1.064499999999999930e-06,8.274961100000000069e-01
1.064999999999999968e-06,8.256394299999999520e-01
1.065499999999999793e-06,8.271802700000000508e-01
1.066000000000000043e-06,8.291577100000000478e-01
1.066500000000000080e-06,8.289281699999999642e-01
1.066999999999999906e-06,8.268937499999999829e-01
1.067499999999999944e-06,8.256745899999999860e-01
1.067999999999999981e-06,8.270981299999999869e-01
1.068500000000000019e-06,8.292504000000000541e-01
1.068999999999999845e-06,8.273819100000000537e-01
1.069499999999999882e-06,8.229127499999999706e-01
1.070000000000000132e-06,8.242675099999999810e-01
1.070499999999999957e-06,8.306006799999999801e-01
1.070999999999999995e-06,8.348906600000000067e-01
1.071499999999999821e-06,8.334601499999999552e-01
1.072000000000000070e-06,8.267459299999999622e-01
1.072500000000000108e-06,8.233844000000000163e-01
1.072999999999999933e-06,8.303255400000000286e-01
1.073499999999999971e-06,8.384613400000000549e-01
1.074000000000000009e-06,8.316012600000000088e-01
1.074500000000000046e-06,8.148929499999999493e-01
1.074999999999999872e-06,8.159560599999999830e-01
1.075499999999999910e-06,8.337946499999999705e-01
1.076000000000000159e-06,8.412161500000000514e-01
1.076499999999999985e-06,8.371314399999999489e-01
1.077000000000000022e-06,8.148723799999999517e-01
1.077499999999999848e-06,7.946248700000000387e-01
1.078000000000000097e-06,8.123530700000000104e-01
1.078499999999999923e-06,8.346767999999999965e-01
1.078999999999999961e-06,8.390200100000000383e-01
1.079499999999999998e-06,8.284269600000000455e-01
1.080000000000000036e-06,8.088971999999999829e-01
1.080500000000000073e-06,8.030445600000000184e-01
1.080999999999999899e-06,8.049787299999999757e-01
1.081499999999999937e-06,8.099066000000000320e-01
1.081999999999999974e-06,8.284835799999999972e-01
1.082500000000000012e-06,8.429096900000000447e-01
1.083000000000000049e-06,8.196671599999999502e-01
1.083499999999999875e-06,7.834497700000000453e-01
1.084000000000000125e-06,7.866351000000000315e-01
1.084499999999999950e-06,8.073919999999999986e-01
1.084999999999999988e-06,8.172174100000000330e-01
1.085499999999999814e-06,7.947376400000000229e-01
1.086000000000000063e-06,7.547087099999999493e-01
1.086500000000000101e-06,7.575234800000000268e-01
1.086999999999999926e-06,7.881972800000000001e-01
1.087499999999999964e-06,8.114904200000000456e-01
1.088000000000000002e-06,8.210942700000000150e-01
1.088500000000000039e-06,8.135363500000000192e-01
1.088999999999999865e-06,7.929554599999999454e-01
1.089499999999999903e-06,7.792486499999999872e-01
1.090000000000000152e-06,7.639961199999999453e-01
1.090499999999999978e-06,7.574555299999999880e-01
1.091000000000000015e-06,7.974013100000000298e-01
1.091499999999999841e-06,8.320624800000000487e-01
1.092000000000000090e-06,7.973238799999999848e-01
1.092500000000000128e-06,7.327291400000000010e-01
1.092999999999999954e-06,7.307998500000000286e-01
1.093499999999999991e-06,7.738645699999999739e-01
1.094000000000000029e-06,7.792929400000000451e-01
1.094500000000000066e-06,7.419452100000000216e-01
1.094999999999999892e-06,7.264302400000000048e-01
1.095499999999999930e-06,7.162782500000000052e-01
1.096000000000000179e-06,6.924191100000000043e-01
1.096500000000000005e-06,7.421652100000000196e-01
1.097000000000000042e-06,7.905825399999999448e-01
1.097499999999999868e-06,7.349079299999999870e-01
1.098000000000000118e-06,6.822259999999999991e-01
1.098499999999999943e-06,6.892691300000000076e-01
1.098999999999999981e-06,6.738284799999999519e-01
1.099500000000000019e-06,6.365686099999999792e-01
1.100000000000000056e-06,6.367329400000000250e-01
1.100500000000000094e-06,6.466302900000000520e-01
1.100999999999999919e-06,6.578586100000000103e-01
1.101499999999999957e-06,6.545378600000000269e-01
1.101999999999999995e-06,6.002992400000000117e-01
1.102500000000000032e-06,5.787541299999999778e-01
1.103000000000000070e-06,6.101449100000000403e-01
1.103499999999999896e-06,6.382393200000000544e-01
1.104000000000000145e-06,6.162156500000000037e-01
1.104499999999999971e-06,5.900889599999999957e-01
1.105000000000000008e-06,6.125897200000000042e-01
1.105499999999999834e-06,5.755134800000000217e-01
1.106000000000000083e-06,4.934813699999999748e-01
1.106500000000000121e-06,5.186511299999999602e-01
1.106999999999999947e-06,6.287295800000000101e-01
1.107499999999999984e-06,6.193368999999999680e-01
1.108000000000000022e-06,4.990450399999999953e-01
1.108500000000000059e-06,4.731767499999999793e-01
1.108999999999999885e-06,5.336686999999999959e-01
1.109499999999999923e-06,5.779655000000000209e-01
1.110000000000000172e-06,5.723374500000000253e-01
1.110499999999999998e-06,5.073804899999999618e-01
1.111000000000000035e-06,4.478463200000000199e-01
1.111499999999999861e-06,4.722905199999999915e-01
1.112000000000000111e-06,5.340139299999999700e-01
1.112500000000000148e-06,4.773299699999999923e-01
1.112999999999999974e-06,3.164522599999999852e-01
1.113500000000000012e-06,2.474442400000000097e-01
1.114000000000000049e-06,3.483204200000000195e-01
1.114500000000000087e-06,4.172772499999999885e-01
1.114999999999999912e-06,3.105603499999999850e-01
1.115499999999999950e-06,2.256054700000000024e-01
1.116000000000000199e-06,1.918876899999999996e-01
1.116500000000000025e-06,1.106221800000000005e-01
1.117000000000000063e-06,9.930234999999999757e-02
1.117499999999999889e-06,1.910709399999999947e-01
1.118000000000000138e-06,2.447894700000000090e-01
1.118499999999999964e-06,1.819302299999999983e-01
1.119000000000000001e-06,1.102844800000000042e-01
1.119500000000000039e-06,1.062495299999999948e-01
1.120000000000000076e-06,1.161899900000000069e-01
1.120500000000000114e-06,1.500864299999999929e-01
1.120999999999999940e-06,1.843749299999999924e-01
1.121499999999999977e-06,1.359462700000000079e-01
1.122000000000000015e-06,5.703077000000000146e-02
1.122500000000000052e-06,4.477612000000000259e-02
1.123000000000000090e-06,9.122149999999999703e-02
1.123499999999999916e-06,1.205783200000000027e-01
1.124000000000000165e-06,1.362509000000000081e-01
1.124499999999999991e-06,1.497424199999999872e-01
1.125000000000000029e-06,1.031596699999999950e-01
1.125499999999999854e-06,4.365477000000000246e-02
1.125999999999999892e-06,5.183958000000000316e-02
1.126500000000000141e-06,1.114252700000000068e-01
1.126999999999999967e-06,1.335124199999999928e-01
1.127500000000000005e-06,8.771967999999999432e-02
1.127999999999999830e-06,6.813877999999999602e-02
1.128500000000000080e-06,8.221613999999999312e-02
1.128999999999999906e-06,7.138292999999999722e-02
1.129499999999999943e-06,4.718644999999999784e-02
1.129999999999999981e-06,7.833943000000000156e-02
1.130500000000000018e-06,1.953164000000000011e-01
1.131000000000000056e-06,2.929621299999999873e-01
1.131499999999999882e-06,3.120525199999999999e-01
1.131999999999999919e-06,2.670172800000000235e-01
1.132499999999999957e-06,1.909320100000000131e-01
1.132999999999999994e-06,1.268143999999999938e-01
1.133500000000000032e-06,6.452937000000000256e-02
1.133999999999999858e-06,2.469837000000000074e-02
1.134500000000000107e-06,1.105038000000000027e-02
1.134999999999999933e-06,2.965191999999999828e-02
1.135499999999999970e-06,7.156870999999999372e-02
1.135999999999999796e-06,1.108052800000000060e-01
1.136500000000000045e-06,2.104867800000000122e-01
1.137000000000000083e-06,2.953562399999999921e-01
1.137499999999999909e-06,2.837150399999999739e-01
1.137999999999999946e-06,2.415448699999999949e-01
1.138499999999999984e-06,2.574488500000000069e-01
1.139000000000000022e-06,3.694319999999999826e-01
1.139500000000000059e-06,3.796457100000000251e-01
1.139999999999999885e-06,2.936540499999999998e-01
1.140500000000000134e-06,2.613396599999999736e-01
1.140999999999999960e-06,2.111371300000000062e-01
1.141499999999999998e-06,1.989180600000000076e-01
1.141999999999999823e-06,2.569990200000000224e-01
1.142500000000000073e-06,3.053763199999999789e-01
1.143000000000000110e-06,3.325996399999999742e-01
1.143499999999999936e-06,2.781768099999999966e-01
1.143999999999999974e-06,1.503048499999999899e-01
1.144500000000000011e-06,9.339119999999999366e-02
1.145000000000000049e-06,1.055937599999999948e-01
1.145499999999999875e-06,1.162238000000000021e-01
1.145999999999999912e-06,1.134481999999999990e-01
1.146500000000000161e-06,7.994874000000000425e-02
1.146999999999999987e-06,5.174294000000000116e-02
1.147500000000000025e-06,1.343737399999999915e-01
1.147999999999999851e-06,2.911347400000000030e-01
1.148500000000000100e-06,3.213908100000000267e-01
1.148999999999999926e-06,2.431179699999999888e-01
1.149499999999999963e-06,1.682965200000000050e-01
1.150000000000000001e-06,1.563962999999999881e-01
1.150500000000000038e-06,2.150624499999999883e-01
1.151000000000000076e-06,2.571244799999999886e-01
1.151499999999999902e-06,2.660054900000000111e-01
1.151999999999999939e-06,2.234980599999999984e-01
1.152499999999999977e-06,2.152486100000000069e-01
1.153000000000000015e-06,2.868346600000000191e-01
1.153500000000000052e-06,2.638532199999999994e-01
1.153999999999999878e-06,1.893492499999999967e-01
1.154500000000000127e-06,2.383028700000000000e-01
1.154999999999999953e-06,3.165650999999999882e-01
1.155499999999999991e-06,3.262578500000000159e-01
1.155999999999999816e-06,3.338561099999999837e-01
1.156500000000000066e-06,3.838336800000000104e-01
1.157000000000000103e-06,4.214761899999999728e-01
1.157499999999999929e-06,3.931975400000000120e-01
1.157999999999999967e-06,3.996353100000000214e-01
1.158500000000000004e-06,4.360624000000000167e-01
1.159000000000000042e-06,4.283806099999999950e-01
1.159500000000000079e-06,4.252145299999999795e-01
1.159999999999999905e-06,4.021953600000000018e-01
1.160500000000000154e-06,4.060173599999999938e-01
1.160999999999999980e-06,4.762338700000000036e-01
1.161500000000000018e-06,5.121120200000000011e-01
1.161999999999999844e-06,5.087926999999999866e-01
1.162500000000000093e-06,5.606737099999999918e-01
1.163000000000000131e-06,6.396308499999999730e-01
1.163499999999999956e-06,6.266175499999999676e-01
1.163999999999999994e-06,6.071398300000000470e-01
1.164500000000000031e-06,6.015540400000000121e-01
1.165000000000000069e-06,5.513386700000000307e-01
1.165499999999999895e-06,5.187947200000000425e-01
1.165999999999999932e-06,5.179631099999999488e-01
1.166500000000000182e-06,5.499517299999999720e-01
1.167000000000000008e-06,5.938773800000000103e-01
1.167500000000000045e-06,6.226115199999999739e-01
1.167999999999999871e-06,6.142117400000000060e-01
1.168500000000000120e-06,6.147450199999999754e-01
1.168999999999999946e-06,6.581297499999999578e-01
1.169499999999999984e-06,6.904364200000000507e-01
1.170000000000000021e-06,6.802407499999999496e-01
1.170500000000000059e-06,6.433777200000000418e-01
1.171000000000000096e-06,6.659678799999999566e-01
1.171499999999999922e-06,7.120695700000000405e-01
1.171999999999999960e-06,6.982727100000000187e-01
1.172499999999999997e-06,6.764504300000000470e-01
1.173000000000000035e-06,6.653323799999999455e-01
1.173500000000000072e-06,5.860813299999999559e-01
1.173999999999999898e-06,5.219953699999999586e-01
1.174500000000000147e-06,6.103469700000000442e-01
1.174999999999999973e-06,6.699960200000000254e-01
1.175500000000000011e-06,6.723097000000000101e-01
1.175999999999999837e-06,7.508890599999999971e-01
1.176500000000000086e-06,7.944213199999999864e-01
1.177000000000000124e-06,6.983599700000000521e-01
1.177499999999999949e-06,5.680105100000000240e-01
1.177999999999999987e-06,5.789490900000000551e-01
1.178500000000000024e-06,6.846555500000000016e-01
1.179000000000000062e-06,7.199326799999999915e-01
1.179499999999999888e-06,6.788079099999999588e-01
1.179999999999999925e-06,6.925320600000000049e-01
1.180500000000000175e-06,7.340314399999999795e-01
1.181000000000000001e-06,6.864833799999999764e-01
1.181500000000000038e-06,5.604994899999999891e-01
1.181999999999999864e-06,4.874717000000000078e-01
1.182500000000000113e-06,5.797613900000000431e-01
1.183000000000000151e-06,7.090546500000000085e-01
1.183499999999999977e-06,7.356196000000000401e-01
1.184000000000000014e-06,6.750347599999999559e-01
1.184500000000000052e-06,5.963380900000000429e-01
1.185000000000000089e-06,6.091691900000000270e-01
1.185499999999999915e-06,7.089520099999999658e-01
1.185999999999999953e-06,7.537487099999999884e-01
1.186500000000000202e-06,7.299055500000000141e-01
1.187000000000000028e-06,6.794308999999999488e-01
1.187500000000000065e-06,5.942758900000000288e-01
1.187999999999999891e-06,5.314379900000000267e-01
1.188499999999999929e-06,5.657113200000000175e-01
1.188999999999999966e-06,6.686880600000000285e-01
1.189500000000000004e-06,7.386928799999999962e-01
1.190000000000000041e-06,7.429337499999999483e-01
1.190499999999999867e-06,7.054271699999999923e-01
1.191000000000000117e-06,6.902958799999999728e-01
1.191499999999999942e-06,7.191535199999999906e-01
1.191999999999999980e-06,7.477991600000000183e-01
1.192499999999999806e-06,7.720196799999999859e-01
1.193000000000000055e-06,7.426357300000000494e-01
1.193500000000000093e-06,7.085252399999999451e-01
1.193999999999999918e-06,7.462132599999999893e-01
1.194499999999999956e-06,7.532910699999999515e-01
1.194999999999999994e-06,7.081834700000000371e-01
1.195500000000000031e-06,6.834151099999999923e-01
1.195999999999999857e-06,7.018524400000000218e-01
1.196499999999999895e-06,7.464588300000000176e-01
1.197000000000000144e-06,7.513492699999999580e-01
1.197499999999999970e-06,7.287861700000000109e-01
1.198000000000000007e-06,7.251405699999999843e-01
1.198499999999999833e-06,6.574341099999999605e-01
1.199000000000000082e-06,6.057144399999999651e-01
1.199499999999999908e-06,6.747463299999999498e-01
1.199999999999999946e-06,7.259828999999999866e-01
1.200499999999999983e-06,7.145721299999999720e-01
1.201000000000000021e-06,6.950740199999999591e-01
1.201500000000000058e-06,6.817045800000000044e-01
1.201999999999999884e-06,7.054840300000000397e-01
1.202499999999999922e-06,7.457234900000000444e-01
1.203000000000000171e-06,7.108324200000000204e-01
1.203499999999999997e-06,6.130822900000000297e-01
1.204000000000000034e-06,6.140715500000000215e-01
1.204499999999999860e-06,6.984341099999999969e-01
1.205000000000000110e-06,7.309669899999999831e-01
1.205499999999999935e-06,7.688424000000000369e-01
1.205999999999999973e-06,7.966136299999999615e-01
1.206500000000000011e-06,7.579693199999999464e-01
1.207000000000000048e-06,7.223042800000000208e-01
1.207500000000000086e-06,7.143705500000000486e-01
1.207999999999999911e-06,7.238675399999999760e-01
1.208499999999999949e-06,7.317349899999999741e-01
1.208999999999999987e-06,7.314201599999999859e-01
1.209500000000000024e-06,7.352687700000000159e-01
1.210000000000000062e-06,7.632410499999999764e-01
1.210499999999999888e-06,7.964330299999999863e-01
1.211000000000000137e-06,7.523909800000000425e-01
1.211499999999999963e-06,6.850548400000000537e-01
1.212000000000000000e-06,6.827733499999999456e-01
1.212499999999999826e-06,7.185978299999999930e-01
1.213000000000000075e-06,7.730516200000000504e-01
1.213500000000000113e-06,7.784696199999999733e-01
1.213999999999999939e-06,7.223314600000000363e-01
1.214499999999999976e-06,6.958038800000000412e-01
1.215000000000000014e-06,7.141856600000000554e-01
1.215500000000000051e-06,7.626089999999999813e-01
1.215999999999999877e-06,7.940117100000000372e-01
1.216499999999999915e-06,7.709852499999999553e-01
1.217000000000000164e-06,7.765558999999999656e-01
1.217499999999999990e-06,8.114761700000000522e-01
1.218000000000000027e-06,8.143797499999999578e-01
1.218499999999999853e-06,8.027114899999999720e-01
1.219000000000000103e-06,7.882257099999999683e-01
1.219499999999999928e-06,7.902427899999999727e-01
1.219999999999999966e-06,8.004857300000000064e-01
1.220500000000000004e-06,8.113684700000000083e-01
1.221000000000000041e-06,8.038963099999999473e-01
1.221500000000000079e-06,7.726628199999999724e-01
1.221999999999999904e-06,7.768827099999999763e-01
1.222499999999999942e-06,7.954258300000000004e-01
1.223000000000000191e-06,7.916626300000000338e-01
1.223500000000000017e-06,7.858185800000000443e-01
1.224000000000000055e-06,7.957684999999999897e-01
1.224499999999999881e-06,8.124237699999999895e-01
1.225000000000000130e-06,8.187267799999999873e-01
1.225499999999999956e-06,8.192749000000000281e-01
1.225999999999999993e-06,8.246229899999999446e-01
1.226499999999999819e-06,8.086724899999999661e-01
1.227000000000000068e-06,7.842250499999999791e-01
1.227500000000000106e-06,8.038977999999999957e-01
1.227999999999999932e-06,8.381484200000000051e-01
1.228499999999999969e-06,8.453454999999999719e-01
1.229000000000000007e-06,8.310644600000000048e-01
1.229500000000000044e-06,8.216341700000000525e-01
1.230000000000000082e-06,8.344973300000000371e-01
1.230499999999999908e-06,8.523297300000000076e-01
1.231000000000000157e-06,8.574834500000000359e-01
1.231499999999999983e-06,8.562514199999999853e-01
1.232000000000000020e-06,8.544363400000000164e-01
1.232499999999999846e-06,8.429288900000000417e-01
1.233000000000000096e-06,8.304161399999999693e-01
1.233500000000000133e-06,8.402907299999999857e-01
1.233999999999999959e-06,8.596463800000000433e-01
1.234499999999999997e-06,8.655310899999999474e-01
1.235000000000000034e-06,8.641979699999999820e-01
1.235500000000000072e-06,8.645962499999999551e-01
1.235999999999999897e-06,8.638003499999999946e-01
1.236499999999999935e-06,8.578010799999999936e-01
1.237000000000000184e-06,8.560565100000000482e-01
1.237500000000000010e-06,8.633297100000000279e-01
1.238000000000000048e-06,8.673396700000000070e-01
1.238499999999999874e-06,8.671664000000000039e-01
1.239000000000000123e-06,8.689616300000000404e-01
1.239499999999999949e-06,8.706637000000000404e-01
1.239999999999999986e-06,8.681124399999999852e-01
1.240500000000000024e-06,8.618432299999999602e-01
1.241000000000000061e-06,8.600193299999999708e-01
1.241500000000000099e-06,8.640565300000000448e-01
1.241999999999999925e-06,8.673480199999999973e-01
1.242499999999999962e-06,8.686413200000000501e-01
1.243000000000000000e-06,8.688823599999999647e-01
1.243500000000000037e-06,8.678065499999999544e-01
1.244000000000000075e-06,8.657412500000000177e-01
1.244499999999999901e-06,8.650910899999999515e-01
1.245000000000000150e-06,8.659430099999999575e-01
1.245499999999999976e-06,8.661487700000000123e-01
1.246000000000000013e-06,8.662589800000000118e-01
1.246499999999999839e-06,8.660380199999999640e-01
1.247000000000000089e-06,8.655719200000000502e-01
1.247500000000000126e-06,8.644630899999999896e-01
1.247999999999999952e-06,8.620224600000000459e-01
1.248499999999999990e-06,8.611847200000000147e-01
1.249000000000000027e-06,8.613254999999999661e-01
1.249500000000000065e-06,8.606035699999999844e-01
1.250000000000000102e-06,8.613986399999999932e-01
1.250499999999999928e-06,8.606687200000000537e-01
1.250999999999999966e-06,8.575043700000000158e-01
1.251500000000000003e-06,8.570820099999999497e-01
1.252000000000000041e-06,8.558714400000000389e-01
1.252499999999999867e-06,8.526660799999999929e-01
1.252999999999999904e-06,8.535515099999999578e-01
1.253500000000000153e-06,8.530424199999999679e-01
1.253999999999999979e-06,8.470880400000000421e-01
1.254500000000000017e-06,8.461343599999999743e-01
1.254999999999999843e-06,8.474736200000000386e-01
1.255500000000000092e-06,8.409724200000000538e-01
1.255999999999999918e-06,8.384141899999999481e-01
1.256499999999999955e-06,8.437138199999999477e-01
1.256999999999999993e-06,8.393511799999999745e-01
1.257500000000000030e-06,8.324068799999999602e-01
1.258000000000000068e-06,8.363525299999999829e-01
1.258499999999999894e-06,8.315276499999999515e-01
1.258999999999999931e-06,8.171719299999999908e-01
1.259499999999999969e-06,8.158031100000000535e-01
1.260000000000000007e-06,8.162996200000000036e-01
1.260500000000000044e-06,8.053168099999999940e-01
1.260999999999999870e-06,7.949798099999999534e-01
1.261500000000000119e-06,7.882897899999999902e-01
1.261999999999999945e-06,7.768000999999999934e-01
1.262499999999999983e-06,7.656148699999999474e-01
1.262999999999999808e-06,7.616600399999999826e-01
1.263500000000000058e-06,7.528123300000000295e-01
1.264000000000000095e-06,7.400096099999999844e-01
1.264499999999999921e-06,7.378926300000000493e-01
1.264999999999999959e-06,7.451744700000000332e-01
1.265499999999999996e-06,7.457728399999999924e-01
1.266000000000000034e-06,7.435335499999999875e-01
1.266499999999999860e-06,7.568965600000000515e-01
1.266999999999999897e-06,7.660430099999999687e-01
1.267500000000000146e-06,7.614915399999999668e-01
1.267999999999999972e-06,7.046489099999999617e-01
1.268500000000000010e-06,5.855838700000000063e-01
1.268999999999999836e-06,5.537961700000000320e-01
1.269500000000000085e-06,6.489235800000000554e-01
1.270000000000000123e-06,7.377664400000000233e-01
1.270499999999999948e-06,7.705996600000000196e-01
1.270999999999999986e-06,7.816756400000000049e-01
1.271500000000000023e-06,7.893256499999999898e-01
1.272000000000000061e-06,7.914340500000000000e-01
1.272499999999999887e-06,7.880403999999999742e-01
1.272999999999999924e-06,7.907638000000000167e-01
1.273500000000000174e-06,8.003784400000000243e-01
1.274000000000000000e-06,8.043481700000000290e-01
1.274500000000000037e-06,8.051589099999999499e-01
1.274999999999999863e-06,8.125217000000000134e-01
1.275500000000000112e-06,8.222277799999999637e-01
1.275999999999999938e-06,8.209535500000000319e-01
1.276499999999999976e-06,8.143793900000000363e-01
1.277000000000000013e-06,8.142073800000000361e-01
1.277500000000000051e-06,8.268563199999999780e-01
1.278000000000000088e-06,8.377559799999999557e-01
1.278499999999999914e-06,8.352419700000000002e-01
1.278999999999999952e-06,8.317725099999999649e-01
1.279499999999999989e-06,8.279709800000000230e-01
1.280000000000000027e-06,8.296565399999999979e-01
1.280500000000000064e-06,8.348873900000000070e-01
1.280999999999999890e-06,8.418827700000000025e-01
1.281500000000000139e-06,8.552231799999999717e-01
1.281999999999999965e-06,8.607885800000000254e-01
1.282500000000000003e-06,8.590294699999999617e-01
1.282999999999999829e-06,8.596846500000000502e-01
1.283500000000000078e-06,8.607934099999999811e-01
1.284000000000000116e-06,8.554271500000000250e-01
1.284499999999999941e-06,8.491111399999999865e-01
1.284999999999999979e-06,8.568318499999999505e-01
1.285500000000000016e-06,8.687218399999999674e-01
1.286000000000000054e-06,8.683319099999999846e-01
1.286499999999999880e-06,8.595278899999999611e-01
1.286999999999999917e-06,8.531335599999999575e-01
1.287500000000000167e-06,8.450866900000000292e-01
1.287999999999999993e-06,8.249636299999999478e-01
1.288500000000000030e-06,8.044858000000000287e-01
1.288999999999999856e-06,8.100171699999999531e-01
1.289500000000000105e-06,8.342843699999999973e-01
1.289999999999999931e-06,8.491591200000000450e-01
1.290499999999999969e-06,8.591105300000000389e-01
1.291000000000000006e-06,8.596596699999999869e-01
1.291500000000000044e-06,8.260303100000000454e-01
1.292000000000000081e-06,7.920338500000000392e-01
1.292499999999999907e-06,8.033781100000000341e-01
1.292999999999999945e-06,8.353067600000000370e-01
1.293500000000000194e-06,8.462380800000000036e-01
1.294000000000000020e-06,8.392256500000000452e-01
1.294500000000000057e-06,8.339727500000000404e-01
1.294999999999999883e-06,8.024103000000000208e-01
1.295500000000000132e-06,7.629095299999999469e-01
1.295999999999999958e-06,7.704292499999999544e-01
1.296499999999999996e-06,7.744089400000000456e-01
1.297000000000000033e-06,7.360360599999999920e-01
1.297500000000000071e-06,7.284513099999999630e-01
1.298000000000000109e-06,7.866962600000000361e-01
1.298499999999999934e-06,8.428580199999999856e-01
1.298999999999999972e-06,8.284444199999999592e-01
1.299500000000000009e-06,7.800402600000000408e-01
1.300000000000000047e-06,7.542194700000000029e-01
1.300500000000000085e-06,7.156386999999999610e-01
1.300999999999999910e-06,7.158799200000000029e-01
1.301500000000000160e-06,7.851219799999999971e-01
1.301999999999999986e-06,8.069739299999999504e-01
1.302500000000000023e-06,7.752904299999999749e-01
1.302999999999999849e-06,7.521966100000000433e-01
1.303500000000000098e-06,7.038335199999999903e-01
1.304000000000000136e-06,6.166920099999999572e-01
1.304499999999999962e-06,6.272627100000000011e-01
1.304999999999999999e-06,7.402204900000000087e-01
1.305500000000000037e-06,7.934994699999999845e-01
1.306000000000000074e-06,7.444133800000000134e-01
1.306499999999999900e-06,6.349393700000000029e-01
1.306999999999999938e-06,6.185227599999999493e-01
1.307500000000000187e-06,6.878563800000000450e-01
1.308000000000000013e-06,7.083747999999999712e-01
1.308500000000000050e-06,7.304591499999999460e-01
1.308999999999999876e-06,7.294405099999999864e-01
1.309500000000000126e-06,6.485084899999999930e-01
1.309999999999999951e-06,5.733448899999999959e-01
1.310499999999999989e-06,5.870634900000000211e-01
1.311000000000000026e-06,6.848068800000000067e-01
1.311500000000000064e-06,7.617753099999999833e-01
1.312000000000000102e-06,7.123593700000000473e-01
1.312499999999999927e-06,6.138372399999999507e-01
1.312999999999999965e-06,5.614319399999999627e-01
1.313499999999999791e-06,5.345463799999999877e-01
1.314000000000000040e-06,5.277202100000000229e-01
1.314500000000000078e-06,5.314713100000000301e-01
1.314999999999999903e-06,5.236012899999999970e-01
1.315499999999999941e-06,5.583193899999999710e-01
1.315999999999999979e-06,6.685098999999999902e-01
1.316500000000000016e-06,6.887006799999999540e-01
1.317000000000000054e-06,6.399434200000000406e-01
1.317499999999999880e-06,6.921655500000000183e-01
1.318000000000000129e-06,6.702761099999999805e-01
1.318499999999999955e-06,5.508351900000000301e-01
1.318999999999999992e-06,5.119390499999999511e-01
1.319499999999999818e-06,4.960874599999999801e-01
1.320000000000000067e-06,4.767099899999999724e-01
1.320500000000000105e-06,5.226218700000000439e-01
1.320999999999999931e-06,5.752531899999999698e-01
1.321499999999999968e-06,6.018885999999999958e-01
1.322000000000000006e-06,6.101286999999999683e-01
1.322500000000000043e-06,5.121422399999999708e-01
1.322999999999999869e-06,4.333026999999999851e-01
1.323499999999999907e-06,4.640950600000000037e-01
1.324000000000000156e-06,4.909917100000000256e-01
1.324499999999999982e-06,5.655279800000000412e-01
1.325000000000000019e-06,6.163216799999999829e-01
1.325499999999999845e-06,5.720050300000000254e-01
1.326000000000000095e-06,5.695366899999999566e-01
1.326499999999999920e-06,5.403173000000000004e-01
1.326999999999999958e-06,4.713805600000000040e-01
1.327499999999999996e-06,4.772067099999999784e-01
1.328000000000000033e-06,4.479437199999999897e-01
1.328500000000000071e-06,3.438376200000000105e-01
1.328999999999999896e-06,3.079576800000000114e-01
1.329499999999999934e-06,3.544744300000000070e-01
1.329999999999999972e-06,3.860649800000000020e-01
1.330500000000000009e-06,3.439661600000000208e-01
1.331000000000000047e-06,2.473745199999999866e-01
1.331499999999999873e-06,1.937312599999999885e-01
1.332000000000000122e-06,2.093384699999999987e-01
1.332499999999999948e-06,2.658683700000000205e-01
1.332999999999999985e-06,3.186759100000000067e-01
1.333499999999999811e-06,2.947087600000000140e-01
1.334000000000000060e-06,2.996728699999999801e-01
1.334500000000000098e-06,3.791088799999999814e-01
1.334999999999999924e-06,4.179137299999999833e-01
1.335499999999999961e-06,3.791825200000000229e-01
1.335999999999999999e-06,3.413902500000000062e-01
1.336500000000000036e-06,3.688642699999999941e-01
1.336999999999999862e-06,3.240029500000000118e-01
1.337499999999999900e-06,2.428363000000000049e-01
1.338000000000000149e-06,2.885268599999999961e-01
1.338499999999999975e-06,3.590066700000000277e-01
1.339000000000000012e-06,3.681950900000000027e-01
1.339499999999999838e-06,3.612278400000000222e-01
1.340000000000000088e-06,2.852661300000000066e-01
1.340500000000000125e-06,2.298611000000000126e-01
1.340999999999999951e-06,2.589287200000000011e-01
1.341499999999999989e-06,2.678996599999999839e-01
1.342000000000000026e-06,3.304038300000000095e-01
1.342500000000000064e-06,3.595643299999999876e-01
1.342999999999999889e-06,2.945434699999999739e-01
1.343499999999999927e-06,2.256156400000000062e-01
1.344000000000000176e-06,1.148431500000000050e-01
1.344500000000000002e-06,8.504369999999999985e-02
1.345000000000000040e-06,1.548953499999999872e-01
1.345499999999999866e-06,1.478104699999999994e-01
1.346000000000000115e-06,9.376494999999999969e-02
1.346499999999999941e-06,7.516077000000000174e-02
1.346999999999999978e-06,6.692990000000000050e-02
1.347500000000000016e-06,3.627795000000000325e-02
1.348000000000000053e-06,7.914660000000000445e-03
1.348500000000000091e-06,4.009210000000000031e-03
1.348999999999999917e-06,1.806247000000000061e-02
1.349499999999999954e-06,3.103979000000000113e-02
1.349999999999999992e-06,1.955946999999999894e-02
1.350500000000000029e-06,4.169759999999999786e-03
1.351000000000000067e-06,1.394609999999999904e-03
1.351499999999999893e-06,1.156909999999999926e-03
1.352000000000000142e-06,8.526599999999999848e-04
1.352499999999999968e-06,6.216099999999999794e-04
1.353000000000000005e-06,2.164400000000000080e-04
1.353499999999999831e-06,5.120999999999999928e-05
1.354000000000000081e-06,4.179999999999999959e-05
1.354500000000000118e-06,1.684000000000000140e-05
1.354999999999999944e-06,7.000000000000000477e-08
1.355499999999999982e-06,1.699999999999999870e-07
1.356000000000000019e-06,4.580000000000000195e-06
1.356500000000000057e-06,9.890000000000000177e-06
1.356999999999999882e-06,6.680000000000000418e-06
1.357499999999999920e-06,1.239999999999999986e-06
1.358000000000000169e-06,7.000000000000000477e-08
1.358499999999999995e-06,4.000000000000000084e-08
1.359000000000000033e-06,1.000000000000000021e-08
1.359499999999999859e-06,1.000000000000000021e-08
1.360000000000000108e-06,1.000000000000000021e-08
1.360500000000000145e-06,1.000000000000000021e-08
1.360999999999999971e-06,0.000000000000000000e+00
1.361500000000000009e-06,0.000000000000000000e+00
1.362000000000000046e-06,0.000000000000000000e+00
1.362500000000000084e-06,2.999999999999999732e-08
1.362999999999999910e-06,1.199999999999999893e-07
1.363499999999999947e-06,1.299999999999999994e-07
1.364000000000000197e-06,4.999999999999999774e-08
1.364500000000000022e-06,0.000000000000000000e+00
1.365000000000000060e-06,0.000000000000000000e+00
1.365499999999999886e-06,4.000000000000000084e-08
1.366000000000000135e-06,9.999999999999999547e-08
1.366499999999999961e-06,8.999999999999999857e-08
1.366999999999999998e-06,2.999999999999999732e-08
1.367500000000000036e-06,0.000000000000000000e+00
1.368000000000000074e-06,0.000000000000000000e+00
1.368500000000000111e-06,0.000000000000000000e+00
1.368999999999999937e-06,0.000000000000000000e+00
1.369499999999999975e-06,0.000000000000000000e+00
1.370000000000000012e-06,0.000000000000000000e+00
1.370500000000000050e-06,0.000000000000000000e+00
1.371000000000000087e-06,0.000000000000000000e+00
1.371499999999999913e-06,0.000000000000000000e+00
1.372000000000000162e-06,1.000000000000000021e-08
1.372499999999999988e-06,4.000000000000000084e-08
1.373000000000000026e-06,5.400000000000000179e-07
1.373499999999999852e-06,1.799999999999999919e-06
1.374000000000000101e-06,2.139999999999999840e-06
1.374500000000000138e-06,3.149999999999999910e-06
1.374999999999999964e-06,1.826999999999999957e-05
1.375500000000000002e-06,3.101000000000000295e-05
1.375999999999999828e-06,1.654999999999999909e-05
1.376500000000000077e-06,1.900000000000000020e-06
1.376999999999999903e-06,3.237999999999999830e-05
1.377499999999999940e-06,1.008400000000000035e-04
1.377999999999999978e-06,1.061399999999999968e-04
1.378500000000000015e-06,3.775999999999999761e-05
1.379000000000000053e-06,1.909999999999999924e-06
1.379499999999999879e-06,3.180000000000000047e-06
1.379999999999999916e-06,2.009999999999999814e-06
1.380500000000000166e-06,2.999999999999999864e-07
1.380999999999999992e-06,0.000000000000000000e+00
1.381500000000000029e-06,0.000000000000000000e+00
1.381999999999999855e-06,0.000000000000000000e+00
1.382500000000000104e-06,0.000000000000000000e+00
1.382999999999999930e-06,0.000000000000000000e+00
1.383499999999999968e-06,0.000000000000000000e+00
1.383999999999999793e-06,0.000000000000000000e+00
1.384500000000000043e-06,0.000000000000000000e+00
1.385000000000000080e-06,0.000000000000000000e+00
1.385499999999999906e-06,1.000000000000000021e-08
1.385999999999999944e-06,4.400000000000000224e-07
1.386499999999999981e-06,4.310000000000000239e-06
1.387000000000000019e-06,8.579999999999999167e-06
1.387500000000000056e-06,6.000000000000000152e-06
1.387999999999999882e-06,1.579999999999999907e-06
1.388500000000000131e-06,2.063000000000000069e-05
1.388999999999999957e-06,7.320999999999999871e-05
1.389499999999999995e-06,9.432999999999999979e-05
1.389999999999999821e-06,7.297000000000000101e-05
1.390500000000000070e-06,7.239999999999999799e-05
1.391000000000000108e-06,1.005300000000000014e-04
1.391499999999999933e-06,1.015000000000000006e-04
1.391999999999999971e-06,4.220000000000000254e-05
1.392500000000000008e-06,2.839999999999999914e-06
1.393000000000000046e-06,1.049999999999999942e-05
1.393499999999999872e-06,1.435999999999999973e-05
1.393999999999999909e-06,7.490000000000000286e-06
1.394500000000000159e-06,1.309999999999999951e-06
1.394999999999999985e-06,1.900000000000000073e-07
1.395500000000000022e-06,0.000000000000000000e+00
1.395999999999999848e-06,0.000000000000000000e+00
1.396500000000000097e-06,3.599999999999999943e-07
1.396999999999999923e-06,1.079100000000000019e-04
1.397499999999999961e-06,3.658099999999999958e-04
1.397999999999999998e-06,4.342200000000000270e-04
1.398500000000000036e-06,2.272300000000000047e-04
1.399000000000000073e-06,7.763000000000000044e-05
1.399499999999999899e-06,2.659000000000000122e-05
1.399999999999999937e-06,1.699999999999999870e-07
1.400499999999999974e-06,0.000000000000000000e+00
1.401000000000000012e-06,8.999999999999999857e-08
1.401500000000000049e-06,1.462799999999999886e-04
1.401999999999999875e-06,1.051459999999999938e-03
1.402500000000000124e-06,1.732690000000000055e-03
1.402999999999999950e-06,9.935400000000000047e-04
1.403499999999999988e-06,2.725100000000000048e-04
1.403999999999999814e-06,1.144599999999999985e-04
1.404500000000000063e-06,8.189999999999999513e-06
1.405000000000000101e-06,1.675000000000000057e-05
1.405499999999999926e-06,2.337999999999999909e-04
1.405999999999999964e-06,5.035000000000000413e-04
1.406500000000000001e-06,3.735999999999999738e-04
1.407000000000000039e-06,1.100199999999999936e-04
1.407500000000000077e-06,2.473999999999999962e-04
1.407999999999999902e-06,5.337000000000000164e-04
1.408500000000000152e-06,4.503900000000000026e-04
1.408999999999999978e-06,1.756499999999999869e-04
1.409500000000000015e-06,4.462000000000000308e-05
1.409999999999999841e-06,1.619000000000000051e-04
1.410500000000000090e-06,5.519599999999999940e-04
1.411000000000000128e-06,1.018089999999999924e-03
1.411499999999999954e-06,1.672969999999999969e-03
1.411999999999999991e-06,3.915130000000000172e-03
1.412500000000000029e-06,1.317470999999999920e-02
1.413000000000000066e-06,1.992827000000000140e-02
1.413499999999999892e-06,1.109336000000000003e-02
1.413999999999999930e-06,1.487720000000000101e-03
1.414500000000000179e-06,1.760999999999999911e-05
1.415000000000000005e-06,3.678600000000000186e-04
1.415500000000000042e-06,7.668399999999999696e-03
1.415999999999999868e-06,2.472809999999999939e-02
1.416500000000000117e-06,2.925673000000000162e-02
1.416999999999999943e-06,1.367276000000000082e-02
1.417499999999999981e-06,3.186099999999999870e-03
1.418000000000000018e-06,4.383910000000000411e-03
1.418500000000000056e-06,5.232109999999999886e-03
1.419000000000000094e-06,2.222309999999999910e-03
1.419499999999999919e-06,8.969899999999999618e-04
1.419999999999999957e-06,2.771940000000000081e-03
1.420499999999999994e-06,4.628759999999999993e-03
1.421000000000000032e-06,7.609290000000000324e-03
1.421500000000000070e-06,1.883556999999999940e-02
1.421999999999999895e-06,3.903071999999999792e-02
1.422500000000000145e-06,4.030129999999999824e-02
1.422999999999999971e-06,1.635955999999999869e-02
1.423500000000000008e-06,3.887999999999999963e-03
1.423999999999999834e-06,1.902380000000000043e-02
1.424500000000000083e-06,3.656166000000000277e-02
1.425000000000000121e-06,2.793253999999999876e-02
1.425499999999999947e-06,1.574827999999999992e-02
1.425999999999999984e-06,4.446470999999999757e-02
1.426500000000000022e-06,7.729798999999999698e-02
1.427000000000000059e-06,5.341312000000000143e-02
1.427500000000000097e-06,1.387393999999999954e-02
1.427999999999999923e-06,2.187290000000000154e-03
1.428500000000000172e-06,1.179499999999999993e-02
1.428999999999999998e-06,3.678212000000000148e-02
1.429500000000000035e-06,5.686259999999999926e-02
1.429999999999999861e-06,1.072968200000000011e-01
1.430500000000000110e-06,1.517974599999999952e-01
1.431000000000000148e-06,9.123396999999999757e-02
1.431499999999999974e-06,1.639354999999999979e-02
1.432000000000000011e-06,1.699079999999999948e-03
1.432500000000000049e-06,1.164813999999999954e-02
1.433000000000000087e-06,4.593983000000000094e-02
1.433499999999999912e-06,6.330785999999999358e-02
1.433999999999999950e-06,3.271761000000000114e-02
1.434500000000000199e-06,1.302424999999999937e-02
1.435000000000000025e-06,3.287679999999999769e-02
1.435500000000000063e-06,5.566912999999999723e-02
1.435999999999999888e-06,5.331120999999999777e-02
1.436500000000000138e-06,3.815937999999999969e-02
1.436999999999999964e-06,2.343276999999999860e-02
1.437500000000000001e-06,1.023975000000000059e-02
1.438000000000000039e-06,2.113322999999999938e-02
1.438499999999999864e-06,5.585062999999999833e-02
1.439000000000000114e-06,6.262389999999999624e-02
1.439499999999999940e-06,4.484267000000000114e-02
1.439999999999999977e-06,5.225203999999999960e-02
1.440499999999999803e-06,5.569526000000000338e-02
1.441000000000000052e-06,3.230378999999999889e-02
1.441500000000000090e-06,2.096539999999999862e-02
1.441999999999999916e-06,2.884398999999999991e-02
1.442499999999999953e-06,3.132229000000000263e-02
1.442999999999999991e-06,6.010101999999999806e-02
1.443500000000000028e-06,1.029692100000000055e-01
1.443999999999999854e-06,8.839378000000000513e-02
1.444499999999999892e-06,5.908841000000000093e-02
1.445000000000000141e-06,4.369479999999999892e-02
1.445499999999999967e-06,1.924375000000000044e-02
1.446000000000000004e-06,2.357843000000000092e-02
1.446499999999999830e-06,4.463773000000000046e-02
1.447000000000000080e-06,6.392200000000000659e-02
1.447499999999999905e-06,1.309038299999999988e-01
1.447999999999999943e-06,1.807182900000000036e-01
1.448499999999999981e-06,1.600852600000000070e-01
1.449000000000000018e-06,1.444988000000000106e-01
1.449500000000000056e-06,1.118798299999999996e-01
1.449999999999999881e-06,4.359388000000000152e-02
1.450499999999999919e-06,6.464310000000000021e-03
1.451000000000000168e-06,2.310925000000000132e-02
1.451499999999999994e-06,5.372740000000000155e-02
1.452000000000000032e-06,7.092281000000000279e-02
1.452499999999999858e-06,9.255778000000000616e-02
1.453000000000000107e-06,1.340493399999999891e-01
1.453499999999999933e-06,2.155553799999999909e-01
1.453999999999999970e-06,2.605523499999999881e-01
1.454500000000000008e-06,1.974075399999999925e-01
1.455000000000000045e-06,1.071326100000000031e-01
1.455500000000000083e-06,8.314713999999999439e-02
1.455999999999999909e-06,1.400554300000000085e-01
1.456499999999999946e-06,1.959759899999999888e-01
1.456999999999999984e-06,1.903209700000000060e-01
1.457500000000000021e-06,1.923515199999999981e-01
1.458000000000000059e-06,2.672223400000000026e-01
1.458499999999999885e-06,3.378730099999999736e-01
1.459000000000000134e-06,3.386946000000000123e-01
1.459499999999999960e-06,2.726205300000000276e-01
1.459999999999999997e-06,1.581734599999999880e-01
1.460499999999999823e-06,1.062325199999999970e-01
1.461000000000000073e-06,1.158350100000000021e-01
1.461500000000000110e-06,1.345348399999999889e-01
1.461999999999999936e-06,2.014887599999999890e-01
1.462499999999999974e-06,2.036095099999999936e-01
1.463000000000000011e-06,1.194444100000000009e-01
1.463500000000000049e-06,1.454377199999999926e-01
1.463999999999999874e-06,3.003466699999999823e-01
1.464499999999999912e-06,3.531239899999999987e-01
1.465000000000000161e-06,2.240796399999999966e-01
1.465499999999999987e-06,1.145840199999999948e-01
1.466000000000000025e-06,7.747537000000000174e-02
1.466499999999999851e-06,4.354558000000000040e-02
1.467000000000000100e-06,4.247204999999999731e-02
1.467499999999999926e-06,7.904298999999999353e-02
1.467999999999999963e-06,1.333761199999999869e-01
1.468500000000000001e-06,1.767305399999999915e-01
1.469000000000000038e-06,1.413494100000000087e-01
1.469500000000000076e-06,7.115438999999999792e-02
1.469999999999999902e-06,5.166243000000000224e-02
1.470499999999999939e-06,3.751387999999999945e-02
1.471000000000000189e-06,3.047986000000000098e-02
1.471500000000000014e-06,5.429337000000000052e-02
1.472000000000000052e-06,5.678114000000000078e-02
1.472499999999999878e-06,6.105638000000000037e-02
1.473000000000000127e-06,8.808486999999999567e-02
1.473499999999999953e-06,1.081846900000000000e-01
1.473999999999999990e-06,2.001733599999999946e-01
1.474499999999999816e-06,3.637518000000000140e-01
1.475000000000000066e-06,3.959156899999999868e-01
1.475500000000000103e-06,2.490216899999999900e-01
1.475999999999999929e-06,1.332276300000000135e-01
1.476499999999999967e-06,1.100997600000000048e-01
1.477000000000000004e-06,9.331667000000000434e-02
1.477500000000000042e-06,8.283073000000000519e-02
1.478000000000000079e-06,1.362462600000000079e-01
1.478499999999999905e-06,2.364211700000000138e-01
1.479000000000000154e-06,2.242202600000000046e-01
1.479499999999999980e-06,1.410658399999999979e-01
1.480000000000000018e-06,9.888603999999999450e-02
1.480499999999999844e-06,1.207302400000000026e-01
1.481000000000000093e-06,2.066543000000000130e-01
1.481500000000000130e-06,1.989209700000000025e-01
1.481999999999999956e-06,1.687640699999999883e-01
1.482499999999999994e-06,2.610853899999999728e-01
1.483000000000000031e-06,3.402549899999999794e-01
1.483500000000000069e-06,3.413057299999999739e-01
1.483999999999999895e-06,2.682010499999999964e-01
1.484499999999999932e-06,2.060610499999999956e-01
1.485000000000000182e-06,2.442842899999999873e-01
1.485500000000000007e-06,2.669858299999999796e-01
1.486000000000000045e-06,2.202770599999999968e-01
1.486499999999999871e-06,1.455472100000000102e-01
1.487000000000000120e-06,1.265959999999999863e-01
1.487499999999999946e-06,1.696447000000000094e-01
1.487999999999999983e-06,2.279343000000000063e-01
1.488500000000000021e-06,3.270252900000000240e-01
1.489000000000000059e-06,3.612898299999999785e-01
1.489500000000000096e-06,3.349262499999999809e-01
1.489999999999999922e-06,4.359902399999999734e-01
1.490499999999999960e-06,5.751965599999999679e-01
1.491000000000000209e-06,5.182648300000000097e-01
1.491500000000000035e-06,3.605631599999999937e-01
1.492000000000000072e-06,3.223485400000000167e-01
1.492499999999999898e-06,3.625934699999999733e-01
1.493000000000000147e-06,4.372981499999999966e-01
1.493499999999999973e-06,5.097065600000000307e-01
1.494000000000000011e-06,5.039314000000000293e-01
1.494499999999999837e-06,4.733683799999999775e-01
1.495000000000000086e-06,4.280911399999999811e-01
1.495500000000000123e-06,4.223867700000000225e-01
1.495999999999999949e-06,4.460207800000000056e-01
1.496499999999999987e-06,4.971065800000000201e-01
1.497000000000000024e-06,6.150042999999999482e-01
1.497500000000000062e-06,6.066044600000000120e-01
1.498000000000000100e-06,5.230982299999999974e-01
1.498499999999999925e-06,5.524071499999999579e-01
1.499000000000000175e-06,5.812707499999999472e-01
1.499500000000000000e-06,5.953887100000000432e-01
1.500000000000000038e-06,6.833298199999999767e-01
1.500499999999999864e-06,7.415468100000000007e-01
1.500999999999999901e-06,7.147358700000000509e-01
1.501500000000000151e-06,6.800427999999999473e-01
1.501999999999999977e-06,6.792870800000000431e-01
1.502500000000000014e-06,6.562706200000000267e-01
1.502999999999999840e-06,5.534474299999999625e-01
1.503500000000000089e-06,4.381293399999999783e-01
1.503999999999999915e-06,3.849601400000000062e-01
1.504499999999999953e-06,4.172052399999999772e-01
1.504999999999999990e-06,5.341814200000000179e-01
1.505500000000000028e-06,6.700523499999999633e-01
1.506000000000000065e-06,7.656969999999999610e-01
1.506499999999999891e-06,8.131479000000000346e-01
1.506999999999999929e-06,7.970992900000000159e-01
1.507499999999999966e-06,7.569917400000000240e-01
1.508000000000000004e-06,6.529268000000000294e-01
1.508500000000000041e-06,4.894831499999999780e-01
1.508999999999999867e-06,5.245907899999999735e-01
1.509500000000000116e-06,7.184073300000000106e-01
1.509999999999999942e-06,7.976790700000000456e-01
1.510499999999999980e-06,7.676771300000000409e-01
1.510999999999999806e-06,7.463914799999999961e-01
1.511500000000000055e-06,7.791466700000000412e-01
1.512000000000000093e-06,7.870969799999999461e-01
1.512499999999999918e-06,7.258439700000000050e-01
1.512999999999999956e-06,6.813366400000000489e-01
1.513499999999999993e-06,6.476861200000000318e-01
1.514000000000000031e-06,6.449403200000000114e-01
1.514499999999999857e-06,7.244636399999999643e-01
1.514999999999999894e-06,7.998035000000000005e-01
1.515500000000000144e-06,8.183326699999999843e-01
1.515999999999999970e-06,7.695193900000000253e-01
1.516500000000000007e-06,7.031542699999999702e-01
1.516999999999999833e-06,6.899693000000000076e-01
1.517500000000000082e-06,7.150805000000000078e-01
1.518000000000000120e-06,7.455688099999999707e-01
1.518499999999999946e-06,7.263039900000000104e-01
1.518999999999999983e-06,6.910835499999999909e-01
1.519500000000000021e-06,7.198995400000000044e-01
1.520000000000000058e-06,7.675772299999999992e-01
1.520499999999999884e-06,8.085417700000000485e-01
1.520999999999999922e-06,8.494744899999999710e-01
1.521500000000000171e-06,8.382320399999999561e-01
1.521999999999999997e-06,8.289078500000000016e-01
1.522500000000000034e-06,8.690819100000000130e-01
1.522999999999999860e-06,8.766035399999999589e-01
1.523500000000000109e-06,8.582758900000000413e-01
1.523999999999999935e-06,8.413671299999999631e-01
1.524499999999999973e-06,8.072189100000000117e-01
1.525000000000000010e-06,7.944399100000000269e-01
1.525500000000000048e-06,8.021938199999999464e-01
1.526000000000000086e-06,7.973346100000000547e-01
1.526499999999999911e-06,7.925015699999999885e-01
1.526999999999999949e-06,8.005300800000000327e-01
1.527499999999999986e-06,8.226759399999999944e-01
1.528000000000000024e-06,8.531403499999999918e-01
1.528500000000000062e-06,8.574773100000000481e-01
1.528999999999999887e-06,8.420527599999999557e-01
1.529500000000000137e-06,8.379478500000000496e-01
1.529999999999999963e-06,8.373589500000000463e-01
1.530500000000000000e-06,8.378500899999999918e-01
1.530999999999999826e-06,8.289985699999999902e-01
1.531500000000000075e-06,8.303219699999999648e-01
1.532000000000000113e-06,8.670895699999999762e-01
1.532499999999999939e-06,8.915642499999999471e-01
1.532999999999999976e-06,8.909941300000000508e-01
1.533500000000000014e-06,8.839079699999999873e-01
1.534000000000000051e-06,8.752852100000000357e-01
1.534499999999999877e-06,8.658499100000000004e-01
1.534999999999999915e-06,8.546238499999999627e-01
1.535500000000000164e-06,8.584773500000000279e-01
1.535999999999999990e-06,8.688567900000000455e-01
1.536500000000000027e-06,8.725700400000000467e-01
1.536999999999999853e-06,8.679517500000000219e-01
1.537500000000000102e-06,8.724698400000000520e-01
1.537999999999999928e-06,8.923365500000000061e-01
1.538499999999999966e-06,8.938948500000000186e-01
1.539000000000000003e-06,8.782744999999999580e-01
1.539500000000000041e-06,8.778918399999999789e-01
1.540000000000000079e-06,8.899580799999999847e-01
1.540499999999999904e-06,8.935168999999999473e-01
1.540999999999999942e-06,8.879464900000000327e-01
1.541500000000000191e-06,8.787876399999999810e-01
1.542000000000000017e-06,8.736906100000000341e-01
1.542500000000000055e-06,8.767957699999999743e-01
1.542999999999999880e-06,8.853510599999999675e-01
1.543500000000000130e-06,8.874751899999999694e-01
1.543999999999999956e-06,8.732967400000000158e-01
1.544499999999999993e-06,8.740217099999999517e-01
1.545000000000000031e-06,8.961201899999999831e-01
1.545500000000000068e-06,9.006140799999999835e-01
1.546000000000000106e-06,8.917060500000000278e-01
1.546499999999999932e-06,8.941814300000000548e-01
1.546999999999999969e-06,9.010970000000000368e-01
1.547500000000000007e-06,9.024081200000000358e-01
1.548000000000000044e-06,9.043655999999999917e-01
1.548500000000000082e-06,9.086148699999999634e-01
1.548999999999999908e-06,9.089419199999999588e-01
1.549500000000000157e-06,9.066794500000000534e-01
1.549999999999999983e-06,9.066028600000000104e-01
1.550500000000000020e-06,9.051802799999999483e-01
1.550999999999999846e-06,9.018485000000000529e-01
1.551500000000000095e-06,8.959136599999999451e-01
1.552000000000000133e-06,8.907987499999999725e-01
1.552499999999999959e-06,8.986275200000000130e-01
1.552999999999999996e-06,9.101387899999999753e-01
1.553500000000000034e-06,9.118953300000000040e-01
1.554000000000000072e-06,9.068344200000000299e-01
1.554499999999999897e-06,9.046712500000000379e-01
1.554999999999999935e-06,9.096158100000000246e-01
1.555500000000000184e-06,9.142494799999999477e-01
1.556000000000000010e-06,9.146829800000000343e-01
1.556500000000000048e-06,9.139949099999999937e-01
1.556999999999999873e-06,9.139925800000000544e-01
1.557500000000000123e-06,9.140493899999999616e-01
1.557999999999999949e-06,9.134504799999999536e-01
1.558499999999999986e-06,9.120723600000000264e-01
1.559000000000000024e-06,9.112176300000000007e-01
1.559500000000000061e-06,9.113874400000000486e-01
1.560000000000000099e-06,9.116768200000000544e-01
1.560499999999999925e-06,9.115515899999999672e-01
1.560999999999999962e-06,9.122612500000000235e-01
1.561500000000000212e-06,9.126031399999999794e-01
1.562000000000000037e-06,9.062474400000000152e-01
1.562500000000000075e-06,8.993735899999999450e-01
1.562999999999999901e-06,9.036683399999999589e-01
1.563499999999999938e-06,9.093887200000000393e-01
1.563999999999999976e-06,9.064782300000000514e-01
1.564500000000000013e-06,9.061229800000000223e-01
1.565000000000000051e-06,9.115284700000000351e-01
1.565499999999999877e-06,9.108665000000000234e-01
1.566000000000000126e-06,9.075678000000000356e-01
1.566499999999999952e-06,9.082918199999999720e-01
1.566999999999999989e-06,9.069770600000000016e-01
1.567499999999999815e-06,9.029117800000000527e-01
1.568000000000000065e-06,8.998977500000000518e-01
1.568500000000000102e-06,8.951430299999999507e-01
1.568999999999999928e-06,8.844369100000000206e-01
1.569499999999999966e-06,8.699825399999999709e-01
1.570000000000000003e-06,8.525964600000000004e-01
1.570500000000000041e-06,8.313674300000000184e-01
1.570999999999999866e-06,8.153874300000000241e-01
1.571499999999999904e-06,8.133741599999999572e-01
1.572000000000000153e-06,8.134284000000000514e-01
1.572499999999999979e-06,8.116252999999999940e-01
1.573000000000000017e-06,8.170335300000000078e-01
1.573499999999999843e-06,8.276088799999999912e-01
1.574000000000000092e-06,8.458138699999999677e-01
1.574499999999999918e-06,8.682289699999999888e-01
1.574999999999999955e-06,8.848937700000000239e-01
1.575499999999999993e-06,8.867100500000000274e-01
1.576000000000000030e-06,8.740193200000000440e-01
1.576500000000000068e-06,8.592492900000000544e-01
1.576999999999999894e-06,8.472465900000000216e-01
1.577499999999999931e-06,8.419410000000000505e-01
1.577999999999999969e-06,8.414329900000000473e-01
1.578500000000000006e-06,8.371621399999999991e-01
1.579000000000000044e-06,8.366023900000000291e-01
1.579499999999999870e-06,8.468352599999999786e-01
1.580000000000000119e-06,8.565287000000000317e-01
1.580499999999999945e-06,8.631617400000000107e-01
1.580999999999999982e-06,8.696846999999999772e-01
1.581499999999999808e-06,8.760591100000000297e-01
1.582000000000000058e-06,8.837309500000000151e-01
1.582500000000000095e-06,8.859301200000000431e-01
1.582999999999999921e-06,8.860625600000000546e-01
1.583499999999999959e-06,8.935523600000000455e-01
1.583999999999999996e-06,9.020923400000000481e-01
1.584500000000000034e-06,9.062787300000000323e-01
1.584999999999999859e-06,9.093865199999999760e-01
1.585499999999999897e-06,9.113743899999999787e-01
1.586000000000000146e-06,9.087350400000000494e-01
1.586499999999999972e-06,9.047454600000000013e-01
1.587000000000000010e-06,9.044331899999999980e-01
1.587499999999999836e-06,9.086562999999999723e-01
1.588000000000000085e-06,9.147638099999999550e-01
1.588500000000000122e-06,9.180369400000000235e-01
1.588999999999999948e-06,9.189305300000000232e-01
1.589499999999999986e-06,9.174563300000000421e-01
1.590000000000000023e-06,9.137581599999999860e-01
1.590500000000000061e-06,9.135327899999999834e-01
1.590999999999999887e-06,9.144899199999999562e-01
1.591499999999999924e-06,9.118981400000000237e-01
1.592000000000000174e-06,9.098854100000000056e-01
1.592499999999999999e-06,9.116354599999999531e-01
1.593000000000000037e-06,9.166307999999999678e-01
1.593499999999999863e-06,9.181639600000000012e-01
1.594000000000000112e-06,9.113487000000000116e-01
1.594499999999999938e-06,9.068025899999999639e-01
1.594999999999999975e-06,9.128954400000000025e-01
1.595500000000000013e-06,9.171473999999999460e-01
1.596000000000000051e-06,9.127568600000000032e-01
1.596500000000000088e-06,9.070919200000000515e-01
1.596999999999999914e-06,9.032656000000000018e-01
1.597499999999999952e-06,9.041574599999999684e-01
1.597999999999999989e-06,9.054669100000000137e-01
1.598500000000000027e-06,8.996189799999999570e-01
1.599000000000000064e-06,8.902895499999999851e-01
1.599499999999999890e-06,8.783924600000000416e-01
1.600000000000000139e-06,8.697450799999999482e-01
1.600499999999999965e-06,8.602556000000000092e-01
1.601000000000000003e-06,8.347388500000000322e-01
1.601499999999999829e-06,8.188789499999999943e-01
1.602000000000000078e-06,8.190314199999999545e-01
1.602500000000000115e-06,8.191060999999999481e-01
1.602999999999999941e-06,8.232561900000000543e-01
1.603499999999999979e-06,8.285381200000000446e-01
1.604000000000000016e-06,8.405914300000000283e-01
1.604500000000000054e-06,8.597822200000000414e-01
1.604999999999999880e-06,8.830660599999999860e-01
1.605499999999999917e-06,9.002737400000000445e-01
1.606000000000000167e-06,8.973031000000000201e-01
1.606499999999999992e-06,8.835554100000000410e-01
1.607000000000000030e-06,8.668824400000000319e-01
1.607499999999999856e-06,8.513818399999999453e-01
1.608000000000000105e-06,8.455892799999999987e-01
1.608500000000000143e-06,8.424789900000000387e-01
1.608999999999999968e-06,8.420446499999999501e-01
1.609500000000000006e-06,8.497188100000000466e-01
1.610000000000000044e-06,8.523528599999999900e-01
1.610500000000000081e-06,8.532819200000000270e-01
1.610999999999999907e-06,8.618547899999999817e-01
1.611499999999999945e-06,8.705580800000000119e-01
1.612000000000000194e-06,8.776353599999999755e-01
1.612500000000000020e-06,8.845140299999999511e-01
1.613000000000000057e-06,8.875454099999999791e-01
1.613499999999999883e-06,8.907036799999999976e-01
1.614000000000000132e-06,8.982869999999999466e-01
1.614499999999999958e-06,9.042572399999999622e-01
1.614999999999999996e-06,9.071609999999999951e-01
1.615500000000000033e-06,9.097619099999999515e-01
1.616000000000000071e-06,9.081317199999999756e-01
1.616500000000000108e-06,9.045270100000000202e-01
1.616999999999999934e-06,9.081006099999999748e-01
1.617499999999999972e-06,9.146726699999999655e-01
1.618000000000000009e-06,9.152983399999999881e-01
1.618500000000000047e-06,9.111291799999999830e-01
1.619000000000000084e-06,9.108403299999999758e-01
1.619499999999999910e-06,9.168325699999999578e-01
1.620000000000000160e-06,9.206004700000000041e-01
1.620499999999999985e-06,9.206357600000000252e-01
1.621000000000000023e-06,9.204887200000000380e-01
1.621499999999999849e-06,9.206349299999999625e-01
1.622000000000000098e-06,9.211392400000000258e-01
1.622500000000000136e-06,9.216226899999999667e-01
1.622999999999999961e-06,9.219177400000000411e-01
1.623499999999999999e-06,9.216232899999999839e-01
1.624000000000000037e-06,9.205092200000000169e-01
1.624500000000000074e-06,9.192262900000000014e-01
1.624999999999999900e-06,9.186053299999999977e-01
1.625499999999999938e-06,9.189319599999999921e-01
1.625999999999999975e-06,9.202325300000000485e-01
1.626500000000000013e-06,9.218928199999999462e-01
1.627000000000000050e-06,9.222564699999999949e-01
1.627499999999999876e-06,9.208508699999999880e-01
1.627999999999999914e-06,9.190973599999999744e-01
1.628500000000000163e-06,9.193327999999999500e-01
1.628999999999999989e-06,9.213742000000000321e-01
1.629500000000000026e-06,9.226774599999999493e-01
1.629999999999999852e-06,9.193836499999999967e-01
1.630500000000000101e-06,9.147278100000000300e-01
1.630999999999999927e-06,9.166415300000000377e-01
1.631499999999999965e-06,9.190267899999999823e-01
1.631999999999999791e-06,9.128694499999999712e-01
1.632500000000000040e-06,9.048149599999999459e-01
1.633000000000000078e-06,9.068080200000000479e-01
1.633499999999999903e-06,9.155378899999999653e-01
1.633999999999999941e-06,9.204385299999999770e-01
1.634499999999999978e-06,9.172563599999999928e-01
1.635000000000000016e-06,9.082331700000000341e-01
1.635500000000000054e-06,9.064830499999999569e-01
1.635999999999999879e-06,9.143357899999999816e-01
1.636500000000000129e-06,9.191426000000000318e-01
1.636999999999999955e-06,9.137064200000000191e-01
1.637499999999999992e-06,9.021860400000000224e-01
1.637999999999999818e-06,9.024534199999999506e-01
1.638500000000000067e-06,9.129675000000000429e-01
1.639000000000000105e-06,9.091295000000000348e-01
1.639499999999999931e-06,8.954566099999999862e-01
1.639999999999999968e-06,8.857722900000000177e-01
1.640500000000000006e-06,8.869770200000000049e-01
1.641000000000000043e-06,9.028298300000000554e-01
1.641499999999999869e-06,9.112948800000000293e-01
1.641999999999999907e-06,9.042686800000000469e-01
1.642500000000000156e-06,8.886669299999999660e-01
1.642999999999999982e-06,8.841326800000000041e-01
1.643500000000000019e-06,9.022689499999999585e-01
1.643999999999999845e-06,9.154763200000000101e-01
1.644500000000000094e-06,9.146242700000000170e-01
1.644999999999999920e-06,8.919274200000000263e-01
1.645499999999999958e-06,8.669565900000000269e-01
1.645999999999999995e-06,8.820459200000000388e-01
1.646500000000000033e-06,9.072944499999999746e-01
1.647000000000000071e-06,9.138297399999999460e-01
1.647499999999999896e-06,9.050655399999999462e-01
1.647999999999999934e-06,8.855096700000000265e-01
1.648499999999999971e-06,8.817281700000000333e-01
1.649000000000000009e-06,8.951982899999999521e-01
1.649500000000000047e-06,9.037185300000000199e-01
1.649999999999999872e-06,9.051109600000000199e-01
1.650500000000000122e-06,8.896180999999999672e-01
1.650999999999999948e-06,8.774066600000000049e-01
1.651499999999999985e-06,8.864946999999999688e-01
1.651999999999999811e-06,8.918112500000000553e-01
1.652500000000000060e-06,9.005416000000000532e-01
1.653000000000000098e-06,8.958194900000000516e-01
1.653499999999999924e-06,8.768454799999999549e-01
1.653999999999999961e-06,8.895258900000000413e-01
1.654499999999999999e-06,9.101434400000000258e-01
1.655000000000000036e-06,9.107682099999999670e-01
1.655500000000000074e-06,9.057174300000000455e-01
1.655999999999999900e-06,8.975223300000000348e-01
1.656500000000000149e-06,8.933084599999999709e-01
1.656999999999999975e-06,8.991447099999999581e-01
1.657500000000000012e-06,9.057261899999999866e-01
1.657999999999999838e-06,9.119005799999999606e-01
1.658500000000000087e-06,9.188865400000000294e-01
1.659000000000000125e-06,9.192865500000000356e-01
1.659499999999999951e-06,9.149938800000000372e-01
1.659999999999999988e-06,9.170633599999999941e-01
1.660500000000000026e-06,9.205059399999999670e-01
1.661000000000000064e-06,9.083295500000000411e-01
1.661499999999999889e-06,8.890219900000000397e-01
1.661999999999999927e-06,8.864921300000000448e-01
1.662500000000000176e-06,9.005488200000000276e-01
1.663000000000000002e-06,9.092918599999999518e-01
1.663500000000000040e-06,9.068697700000000195e-01
1.663999999999999865e-06,9.116166199999999886e-01
1.664500000000000115e-06,9.166827800000000304e-01
1.664999999999999941e-06,8.797330899999999954e-01
1.665499999999999978e-06,8.116062299999999841e-01
1.666000000000000016e-06,7.940854400000000313e-01
1.666500000000000053e-06,8.386796100000000198e-01
1.667000000000000091e-06,8.835492700000000532e-01
1.667499999999999917e-06,9.053320299999999543e-01
1.667999999999999954e-06,9.121251700000000406e-01
1.668499999999999992e-06,9.067860199999999704e-01
1.669000000000000029e-06,8.995943699999999765e-01
1.669500000000000067e-06,9.059819599999999751e-01
1.669999999999999893e-06,9.130327700000000490e-01
1.670500000000000142e-06,9.102851199999999476e-01
1.670999999999999968e-06,9.077958499999999598e-01
1.671500000000000005e-06,9.084374899999999586e-01
1.671999999999999831e-06,9.152564399999999489e-01
1.672500000000000080e-06,9.218441800000000130e-01
1.673000000000000118e-06,9.202792600000000434e-01
1.673499999999999944e-06,9.143101599999999829e-01
1.673999999999999981e-06,9.053256499999999818e-01
1.674500000000000019e-06,9.012577499999999686e-01
1.675000000000000057e-06,9.023513800000000362e-01
1.675500000000000094e-06,9.015336000000000460e-01
1.675999999999999920e-06,9.041601400000000011e-01
1.676500000000000169e-06,9.069207900000000322e-01
1.676999999999999995e-06,8.993433100000000069e-01
1.677500000000000033e-06,8.903569599999999751e-01
1.677999999999999858e-06,8.905261199999999766e-01
1.678500000000000108e-06,8.998330799999999519e-01
1.679000000000000145e-06,9.154120700000000221e-01
1.679499999999999971e-06,9.193936600000000015e-01
1.680000000000000009e-06,9.101115499999999914e-01
1.680500000000000046e-06,9.062252600000000324e-01
1.681000000000000084e-06,9.105052900000000227e-01
1.681499999999999910e-06,9.172801999999999900e-01
1.681999999999999947e-06,9.237158300000000155e-01
1.682500000000000197e-06,9.250132399999999588e-01
1.683000000000000022e-06,9.203043600000000435e-01
1.683500000000000060e-06,8.904466599999999454e-01
1.683999999999999886e-06,8.566387300000000149e-01
1.684500000000000135e-06,8.780255300000000540e-01
1.684999999999999961e-06,9.157447800000000360e-01
1.685499999999999998e-06,9.231654400000000038e-01
1.686000000000000036e-06,9.210199700000000211e-01
1.686500000000000074e-06,9.128770800000000074e-01
1.687000000000000111e-06,8.963980099999999673e-01
1.687499999999999937e-06,8.968259100000000039e-01
1.687999999999999974e-06,9.148507700000000353e-01
1.688499999999999800e-06,9.226777600000000135e-01
1.689000000000000050e-06,9.129053400000000096e-01
1.689500000000000087e-06,9.041584099999999680e-01
1.689999999999999913e-06,8.769483000000000139e-01
1.690499999999999951e-06,8.222704499999999861e-01
1.690999999999999988e-06,8.082910800000000506e-01
1.691500000000000026e-06,8.447459299999999782e-01
1.691999999999999851e-06,8.823441300000000043e-01
1.692499999999999889e-06,9.042192100000000510e-01
1.693000000000000138e-06,9.175163499999999805e-01
1.693499999999999964e-06,9.093866299999999736e-01
1.694000000000000002e-06,8.893525599999999587e-01
1.694499999999999828e-06,8.968569600000000364e-01
1.695000000000000077e-06,9.163911300000000537e-01
1.695499999999999903e-06,9.239591400000000121e-01
1.695999999999999940e-06,9.057674399999999792e-01
1.696499999999999978e-06,8.308973299999999895e-01
1.697000000000000015e-06,7.646653100000000425e-01
1.697500000000000053e-06,8.083634400000000442e-01
1.697999999999999879e-06,8.923391699999999593e-01
1.698499999999999916e-06,9.208433000000000312e-01
1.699000000000000166e-06,8.984313000000000438e-01
1.699499999999999991e-06,8.719319700000000006e-01
1.700000000000000029e-06,8.790511500000000034e-01
